case,variant,rows,k,q,columns,reversed,sample,iterations,elapsed_ns,ns_per_call,cpu_mhz,median,mean,stddev,ci95_mean_low,ci95_mean_high
medium,tensor_dot_serial,32,16,16,32,0,0,256,30879100,120621.484375,2727.6399999999999,124849.609375,124281.29340277778,2433.1584310163385,122026.56659003597,126536.02021551959
medium,tensor_dot_serial,32,16,16,32,0,1,256,31942600,124775.78125,2727.6399999999999,124849.609375,124281.29340277778,2433.1584310163385,122026.56659003597,126536.02021551959
medium,tensor_dot_serial,32,16,16,32,0,2,256,30978800,121010.9375,2838.2200000000003,124849.609375,124281.29340277778,2433.1584310163385,122026.56659003597,126536.02021551959
medium,tensor_dot_serial,32,16,16,32,0,3,256,31250400,122071.875,2801.3600000000001,124849.609375,124281.29340277778,2433.1584310163385,122026.56659003597,126536.02021551959
medium,tensor_dot_serial,32,16,16,32,0,4,256,32307800,126202.34375,2801.3600000000001,124849.609375,124281.29340277778,2433.1584310163385,122026.56659003597,126536.02021551959
medium,tensor_dot_serial,32,16,16,32,0,5,256,32534300,127087.109375,2727.6399999999999,124849.609375,124281.29340277778,2433.1584310163385,122026.56659003597,126536.02021551959
medium,tensor_dot_serial,32,16,16,32,0,6,256,32098900,125386.328125,3096.2399999999998,124849.609375,124281.29340277778,2433.1584310163385,122026.56659003597,126536.02021551959
medium,tensor_dot_serial,32,16,16,32,0,7,256,31961500,124849.609375,3575.4200000000001,124849.609375,124281.29340277778,2433.1584310163385,122026.56659003597,126536.02021551959
medium,tensor_dot_serial,32,16,16,32,0,8,256,32390700,126526.171875,2911.9400000000001,124849.609375,124281.29340277778,2433.1584310163385,122026.56659003597,126536.02021551959
medium,context_default,32,16,16,32,0,0,256,30945600,120881.25,2727.6399999999999,124448.4375,124082.29166666667,2071.5024403146358,122162.69940530845,126001.88392802489
medium,context_default,32,16,16,32,0,1,256,31691000,123792.96875,2727.6399999999999,124448.4375,124082.29166666667,2071.5024403146358,122162.69940530845,126001.88392802489
medium,context_default,32,16,16,32,0,2,256,31858800,124448.4375,2838.2200000000003,124448.4375,124082.29166666667,2071.5024403146358,122162.69940530845,126001.88392802489
medium,context_default,32,16,16,32,0,3,256,31253000,122082.03125,2838.2200000000003,124448.4375,124082.29166666667,2071.5024403146358,122162.69940530845,126001.88392802489
medium,context_default,32,16,16,32,0,4,256,31211100,121918.359375,2875.0799999999999,124448.4375,124082.29166666667,2071.5024403146358,122162.69940530845,126001.88392802489
medium,context_default,32,16,16,32,0,5,256,32521700,127037.890625,2801.3600000000001,124448.4375,124082.29166666667,2071.5024403146358,122162.69940530845,126001.88392802489
medium,context_default,32,16,16,32,0,6,256,32044300,125173.046875,2875.0799999999999,124448.4375,124082.29166666667,2071.5024403146358,122162.69940530845,126001.88392802489
medium,context_default,32,16,16,32,0,7,256,32178100,125695.703125,2948.8000000000002,124448.4375,124082.29166666667,2071.5024403146358,122162.69940530845,126001.88392802489
medium,context_default,32,16,16,32,0,8,256,32182000,125710.9375,2911.9400000000001,124448.4375,124082.29166666667,2071.5024403146358,122162.69940530845,126001.88392802489
medium,context_forced,32,16,16,32,0,0,512,25202300,49223.2421875,2580.1999999999998,50691.796875,50661.979166666664,1255.0753743307471,49498.942653120175,51825.015680213153
medium,context_forced,32,16,16,32,0,1,512,26985600,52706.25,2801.3600000000001,50691.796875,50661.979166666664,1255.0753743307471,49498.942653120175,51825.015680213153
medium,context_forced,32,16,16,32,0,2,512,25067600,48960.15625,2948.8000000000002,50691.796875,50661.979166666664,1255.0753743307471,49498.942653120175,51825.015680213153
medium,context_forced,32,16,16,32,0,3,512,25734900,50263.4765625,2838.2200000000003,50691.796875,50661.979166666664,1255.0753743307471,49498.942653120175,51825.015680213153
medium,context_forced,32,16,16,32,0,4,512,26227100,51224.8046875,2764.5,50691.796875,50661.979166666664,1255.0753743307471,49498.942653120175,51825.015680213153
medium,context_forced,32,16,16,32,0,5,512,26340300,51445.8984375,2838.2200000000003,50691.796875,50661.979166666664,1255.0753743307471,49498.942653120175,51825.015680213153
medium,context_forced,32,16,16,32,0,6,512,26525200,51807.03125,2911.9400000000001,50691.796875,50661.979166666664,1255.0753743307471,49498.942653120175,51825.015680213153
medium,context_forced,32,16,16,32,0,7,512,25954200,50691.796875,3280.54,50691.796875,50661.979166666664,1255.0753743307471,49498.942653120175,51825.015680213153
medium,context_forced,32,16,16,32,0,8,512,25413200,49635.15625,2911.9400000000001,50691.796875,50661.979166666664,1255.0753743307471,49498.942653120175,51825.015680213153
medium,scalar_prevalidated,32,16,16,32,0,0,512,38765100,75713.0859375,2653.9200000000001,75970.8984375,75950.151909722219,1165.6589483795174,74869.974617557193,77030.329201887245
medium,scalar_prevalidated,32,16,16,32,0,1,512,38537800,75269.140625,2801.3600000000001,75970.8984375,75950.151909722219,1165.6589483795174,74869.974617557193,77030.329201887245
medium,scalar_prevalidated,32,16,16,32,0,2,512,39434100,77019.7265625,2948.8000000000002,75970.8984375,75950.151909722219,1165.6589483795174,74869.974617557193,77030.329201887245
medium,scalar_prevalidated,32,16,16,32,0,3,512,39456400,77063.28125,2764.5,75970.8984375,75950.151909722219,1165.6589483795174,74869.974617557193,77030.329201887245
medium,scalar_prevalidated,32,16,16,32,0,4,512,38024700,74266.9921875,2764.5,75970.8984375,75950.151909722219,1165.6589483795174,74869.974617557193,77030.329201887245
medium,scalar_prevalidated,32,16,16,32,0,5,512,39662900,77466.6015625,2653.9200000000001,75970.8984375,75950.151909722219,1165.6589483795174,74869.974617557193,77030.329201887245
medium,scalar_prevalidated,32,16,16,32,0,6,512,39138100,76441.6015625,2838.2200000000003,75970.8984375,75950.151909722219,1165.6589483795174,74869.974617557193,77030.329201887245
medium,scalar_prevalidated,32,16,16,32,0,7,512,38062100,74340.0390625,3022.52,75970.8984375,75950.151909722219,1165.6589483795174,74869.974617557193,77030.329201887245
medium,scalar_prevalidated,32,16,16,32,0,8,512,38897100,75970.8984375,2875.0799999999999,75970.8984375,75950.151909722219,1165.6589483795174,74869.974617557193,77030.329201887245
reversed,tensor_dot_serial,32,16,16,32,1,0,256,31565600,123303.125,2911.9400000000001,126394.53125,125814.36631944444,2967.5521507776248,123064.43465972383,128564.29797916504
reversed,tensor_dot_serial,32,16,16,32,1,1,256,32441400,126724.21875,2875.0799999999999,126394.53125,125814.36631944444,2967.5521507776248,123064.43465972383,128564.29797916504
reversed,tensor_dot_serial,32,16,16,32,1,2,256,32565400,127208.59375,3686,126394.53125,125814.36631944444,2967.5521507776248,123064.43465972383,128564.29797916504
reversed,tensor_dot_serial,32,16,16,32,1,3,256,31098000,121476.5625,2727.6399999999999,126394.53125,125814.36631944444,2967.5521507776248,123064.43465972383,128564.29797916504
reversed,tensor_dot_serial,32,16,16,32,1,4,256,32552600,127158.59375,2690.7799999999997,126394.53125,125814.36631944444,2967.5521507776248,123064.43465972383,128564.29797916504
reversed,tensor_dot_serial,32,16,16,32,1,5,256,32357000,126394.53125,2690.7799999999997,126394.53125,125814.36631944444,2967.5521507776248,123064.43465972383,128564.29797916504
reversed,tensor_dot_serial,32,16,16,32,1,6,256,33710100,131680.078125,2801.3600000000001,126394.53125,125814.36631944444,2967.5521507776248,123064.43465972383,128564.29797916504
reversed,tensor_dot_serial,32,16,16,32,1,7,256,31948900,124800.390625,2727.6399999999999,126394.53125,125814.36631944444,2967.5521507776248,123064.43465972383,128564.29797916504
reversed,tensor_dot_serial,32,16,16,32,1,8,256,31637300,123583.203125,2764.5,126394.53125,125814.36631944444,2967.5521507776248,123064.43465972383,128564.29797916504
reversed,context_default,32,16,16,32,1,0,256,31892300,124579.296875,2838.2200000000003,126730.46875,126404.81770833333,1581.4359171134704,124939.35375847484,127870.28165819182
reversed,context_default,32,16,16,32,1,1,256,32182300,125712.109375,3612.2799999999997,126730.46875,126404.81770833333,1581.4359171134704,124939.35375847484,127870.28165819182
reversed,context_default,32,16,16,32,1,2,256,32772200,128016.40625,3538.5599999999999,126730.46875,126404.81770833333,1581.4359171134704,124939.35375847484,127870.28165819182
reversed,context_default,32,16,16,32,1,3,256,32319200,126246.875,2875.0799999999999,126730.46875,126404.81770833333,1581.4359171134704,124939.35375847484,127870.28165819182
reversed,context_default,32,16,16,32,1,4,256,31614800,123495.3125,2690.7799999999997,126730.46875,126404.81770833333,1581.4359171134704,124939.35375847484,127870.28165819182
reversed,context_default,32,16,16,32,1,5,256,32614700,127401.171875,2764.5,126730.46875,126404.81770833333,1581.4359171134704,124939.35375847484,127870.28165819182
reversed,context_default,32,16,16,32,1,6,256,32826100,128226.953125,2764.5,126730.46875,126404.81770833333,1581.4359171134704,124939.35375847484,127870.28165819182
reversed,context_default,32,16,16,32,1,7,256,32572100,127234.765625,2801.3600000000001,126730.46875,126404.81770833333,1581.4359171134704,124939.35375847484,127870.28165819182
reversed,context_default,32,16,16,32,1,8,256,32443000,126730.46875,2801.3600000000001,126730.46875,126404.81770833333,1581.4359171134704,124939.35375847484,127870.28165819182
reversed,context_forced,32,16,16,32,1,0,512,27058700,52849.0234375,2727.6399999999999,52202.34375,51998.589409722219,1295.4794773675042,50798.111760694999,53199.067058749439
reversed,context_forced,32,16,16,32,1,1,512,25370800,49552.34375,3501.6999999999998,52202.34375,51998.589409722219,1295.4794773675042,50798.111760694999,53199.067058749439
reversed,context_forced,32,16,16,32,1,2,512,26727600,52202.34375,3169.96,52202.34375,51998.589409722219,1295.4794773675042,50798.111760694999,53199.067058749439
reversed,context_forced,32,16,16,32,1,3,512,26405400,51573.046875,2764.5,52202.34375,51998.589409722219,1295.4794773675042,50798.111760694999,53199.067058749439
reversed,context_forced,32,16,16,32,1,4,512,26320400,51407.03125,2801.3600000000001,52202.34375,51998.589409722219,1295.4794773675042,50798.111760694999,53199.067058749439
reversed,context_forced,32,16,16,32,1,5,512,26083800,50944.921875,2727.6399999999999,52202.34375,51998.589409722219,1295.4794773675042,50798.111760694999,53199.067058749439
reversed,context_forced,32,16,16,32,1,6,512,26870200,52480.859375,2727.6399999999999,52202.34375,51998.589409722219,1295.4794773675042,50798.111760694999,53199.067058749439
reversed,context_forced,32,16,16,32,1,7,512,27604000,53914.0625,2801.3600000000001,52202.34375,51998.589409722219,1295.4794773675042,50798.111760694999,53199.067058749439
reversed,context_forced,32,16,16,32,1,8,512,27168600,53063.671875,2764.5,52202.34375,51998.589409722219,1295.4794773675042,50798.111760694999,53199.067058749439
reversed,scalar_prevalidated,32,16,16,32,1,0,512,38846800,75872.65625,2985.6600000000003,77597.0703125,77315.407986111109,1482.6647651949474,75941.471970363797,78689.344001858422
reversed,scalar_prevalidated,32,16,16,32,1,1,512,39729700,77597.0703125,2875.0799999999999,77597.0703125,77315.407986111109,1482.6647651949474,75941.471970363797,78689.344001858422
reversed,scalar_prevalidated,32,16,16,32,1,2,512,39849900,77831.8359375,3612.2799999999997,77597.0703125,77315.407986111109,1482.6647651949474,75941.471970363797,78689.344001858422
reversed,scalar_prevalidated,32,16,16,32,1,3,512,39611500,77366.2109375,3317.4000000000001,77597.0703125,77315.407986111109,1482.6647651949474,75941.471970363797,78689.344001858422
reversed,scalar_prevalidated,32,16,16,32,1,4,512,39903500,77936.5234375,2764.5,77597.0703125,77315.407986111109,1482.6647651949474,75941.471970363797,78689.344001858422
reversed,scalar_prevalidated,32,16,16,32,1,5,512,38295200,74795.3125,2764.5,77597.0703125,77315.407986111109,1482.6647651949474,75941.471970363797,78689.344001858422
reversed,scalar_prevalidated,32,16,16,32,1,6,512,40818800,79724.21875,2727.6399999999999,77597.0703125,77315.407986111109,1482.6647651949474,75941.471970363797,78689.344001858422
reversed,scalar_prevalidated,32,16,16,32,1,7,512,39021700,76214.2578125,2801.3600000000001,77597.0703125,77315.407986111109,1482.6647651949474,75941.471970363797,78689.344001858422
reversed,scalar_prevalidated,32,16,16,32,1,8,512,40192300,78500.5859375,2801.3600000000001,77597.0703125,77315.407986111109,1482.6647651949474,75941.471970363797,78689.344001858422
cutoff,tensor_dot_serial,64,8,32,64,0,0,64,26401500,412523.4375,2911.9400000000001,412523.4375,418073.09027777775,11868.120251613105,407075.29884461628,429070.88171093923
cutoff,tensor_dot_serial,64,8,32,64,0,1,64,27539500,430304.6875,2727.6399999999999,412523.4375,418073.09027777775,11868.120251613105,407075.29884461628,429070.88171093923
cutoff,tensor_dot_serial,64,8,32,64,0,2,64,26093500,407710.9375,3464.8399999999997,412523.4375,418073.09027777775,11868.120251613105,407075.29884461628,429070.88171093923
cutoff,tensor_dot_serial,64,8,32,64,0,3,64,26285900,410717.1875,2838.2200000000003,412523.4375,418073.09027777775,11868.120251613105,407075.29884461628,429070.88171093923
cutoff,tensor_dot_serial,64,8,32,64,0,4,64,26363300,411926.5625,3059.3799999999997,412523.4375,418073.09027777775,11868.120251613105,407075.29884461628,429070.88171093923
cutoff,tensor_dot_serial,64,8,32,64,0,5,64,26344700,411635.9375,3501.6999999999998,412523.4375,418073.09027777775,11868.120251613105,407075.29884461628,429070.88171093923
cutoff,tensor_dot_serial,64,8,32,64,0,6,64,28451800,444559.375,2911.9400000000001,412523.4375,418073.09027777775,11868.120251613105,407075.29884461628,429070.88171093923
cutoff,tensor_dot_serial,64,8,32,64,0,7,64,26652500,416445.3125,2985.6600000000003,412523.4375,418073.09027777775,11868.120251613105,407075.29884461628,429070.88171093923
cutoff,tensor_dot_serial,64,8,32,64,0,8,64,26677400,416834.375,3612.2799999999997,412523.4375,418073.09027777775,11868.120251613105,407075.29884461628,429070.88171093923
cutoff,context_default,64,8,32,64,0,0,256,33075900,129202.734375,2875.0799999999999,131978.125,134538.36805555556,8261.3384285101092,126882.86111180286,142193.87499930826
cutoff,context_default,64,8,32,64,0,1,256,34184900,133534.765625,2911.9400000000001,131978.125,134538.36805555556,8261.3384285101092,126882.86111180286,142193.87499930826
cutoff,context_default,64,8,32,64,0,2,256,33786400,131978.125,3243.6799999999998,131978.125,134538.36805555556,8261.3384285101092,126882.86111180286,142193.87499930826
cutoff,context_default,64,8,32,64,0,3,256,33166900,129558.203125,2911.9400000000001,131978.125,134538.36805555556,8261.3384285101092,126882.86111180286,142193.87499930826
cutoff,context_default,64,8,32,64,0,4,256,33982000,132742.1875,2911.9400000000001,131978.125,134538.36805555556,8261.3384285101092,126882.86111180286,142193.87499930826
cutoff,context_default,64,8,32,64,0,5,256,33098100,129289.453125,3686,131978.125,134538.36805555556,8261.3384285101092,126882.86111180286,142193.87499930826
cutoff,context_default,64,8,32,64,0,6,256,39761000,155316.40625,2690.7799999999997,131978.125,134538.36805555556,8261.3384285101092,126882.86111180286,142193.87499930826
cutoff,context_default,64,8,32,64,0,7,256,35322100,137976.953125,3280.54,131978.125,134538.36805555556,8261.3384285101092,126882.86111180286,142193.87499930826
cutoff,context_default,64,8,32,64,0,8,256,33599100,131246.484375,3649.1399999999999,131978.125,134538.36805555556,8261.3384285101092,126882.86111180286,142193.87499930826
cutoff,context_forced,64,8,32,64,0,0,256,33790800,131995.3125,2911.9400000000001,130470.3125,135177.90798611112,10625.558792878415,125331.55683804379,145024.25913417846
cutoff,context_forced,64,8,32,64,0,1,256,32858800,128354.6875,3354.2600000000002,130470.3125,135177.90798611112,10625.558792878415,125331.55683804379,145024.25913417846
cutoff,context_forced,64,8,32,64,0,2,256,34490000,134726.5625,3206.8200000000002,130470.3125,135177.90798611112,10625.558792878415,125331.55683804379,145024.25913417846
cutoff,context_forced,64,8,32,64,0,3,256,33211800,129733.59375,2875.0799999999999,130470.3125,135177.90798611112,10625.558792878415,125331.55683804379,145024.25913417846
cutoff,context_forced,64,8,32,64,0,4,256,32993400,128880.46875,3427.98,130470.3125,135177.90798611112,10625.558792878415,125331.55683804379,145024.25913417846
cutoff,context_forced,64,8,32,64,0,5,256,33014000,128960.9375,3464.8399999999997,130470.3125,135177.90798611112,10625.558792878415,125331.55683804379,145024.25913417846
cutoff,context_forced,64,8,32,64,0,6,256,33400400,130470.3125,3206.8200000000002,130470.3125,135177.90798611112,10625.558792878415,125331.55683804379,145024.25913417846
cutoff,context_forced,64,8,32,64,0,7,256,41189100,160894.921875,2985.6600000000003,130470.3125,135177.90798611112,10625.558792878415,125331.55683804379,145024.25913417846
cutoff,context_forced,64,8,32,64,0,8,256,36501600,142584.375,3649.1399999999999,130470.3125,135177.90798611112,10625.558792878415,125331.55683804379,145024.25913417846
cutoff,scalar_prevalidated,64,8,32,64,0,0,128,38673100,302133.59375,3354.2600000000002,300511.71875,299774.56597222225,4473.7828669632045,295628.86051550304,303920.27142894146
cutoff,scalar_prevalidated,64,8,32,64,0,1,128,38422600,300176.5625,3317.4000000000001,300511.71875,299774.56597222225,4473.7828669632045,295628.86051550304,303920.27142894146
cutoff,scalar_prevalidated,64,8,32,64,0,2,128,37204200,290657.8125,3206.8200000000002,300511.71875,299774.56597222225,4473.7828669632045,295628.86051550304,303920.27142894146
cutoff,scalar_prevalidated,64,8,32,64,0,3,128,38803800,303154.6875,2985.6600000000003,300511.71875,299774.56597222225,4473.7828669632045,295628.86051550304,303920.27142894146
cutoff,scalar_prevalidated,64,8,32,64,0,4,128,38465500,300511.71875,3169.96,300511.71875,299774.56597222225,4473.7828669632045,295628.86051550304,303920.27142894146
cutoff,scalar_prevalidated,64,8,32,64,0,5,128,38751500,302746.09375,3612.2799999999997,300511.71875,299774.56597222225,4473.7828669632045,295628.86051550304,303920.27142894146
cutoff,scalar_prevalidated,64,8,32,64,0,6,128,37696300,294502.34375,2875.0799999999999,300511.71875,299774.56597222225,4473.7828669632045,295628.86051550304,303920.27142894146
cutoff,scalar_prevalidated,64,8,32,64,0,7,128,38980100,304532.03125,3612.2799999999997,300511.71875,299774.56597222225,4473.7828669632045,295628.86051550304,303920.27142894146
cutoff,scalar_prevalidated,64,8,32,64,0,8,128,38343200,299556.25,3649.1399999999999,300511.71875,299774.56597222225,4473.7828669632045,295628.86051550304,303920.27142894146
scalar_output,tensor_dot_serial,1,64,64,1,0,0,16384,34633100,2113.836669921875,2764.5,2046.03271484375,2050.2102322048613,41.627964644750087,2011.6349849673929,2088.7854794423297
scalar_output,tensor_dot_serial,1,64,64,1,0,1,16384,33522200,2046.03271484375,2580.1999999999998,2046.03271484375,2050.2102322048613,41.627964644750087,2011.6349849673929,2088.7854794423297
scalar_output,tensor_dot_serial,1,64,64,1,0,2,16384,34188700,2086.712646484375,2727.6399999999999,2046.03271484375,2050.2102322048613,41.627964644750087,2011.6349849673929,2088.7854794423297
scalar_output,tensor_dot_serial,1,64,64,1,0,3,16384,34248800,2090.380859375,2617.0599999999999,2046.03271484375,2050.2102322048613,41.627964644750087,2011.6349849673929,2088.7854794423297
scalar_output,tensor_dot_serial,1,64,64,1,0,4,16384,33116900,2021.295166015625,2801.3600000000001,2046.03271484375,2050.2102322048613,41.627964644750087,2011.6349849673929,2088.7854794423297
scalar_output,tensor_dot_serial,1,64,64,1,0,5,16384,33918900,2070.245361328125,2764.5,2046.03271484375,2050.2102322048613,41.627964644750087,2011.6349849673929,2088.7854794423297
scalar_output,tensor_dot_serial,1,64,64,1,0,6,16384,33086900,2019.464111328125,2985.6600000000003,2046.03271484375,2050.2102322048613,41.627964644750087,2011.6349849673929,2088.7854794423297
scalar_output,tensor_dot_serial,1,64,64,1,0,7,16384,32758900,1999.444580078125,2801.3600000000001,2046.03271484375,2050.2102322048613,41.627964644750087,2011.6349849673929,2088.7854794423297
scalar_output,tensor_dot_serial,1,64,64,1,0,8,16384,32841400,2004.47998046875,2690.7799999999997,2046.03271484375,2050.2102322048613,41.627964644750087,2011.6349849673929,2088.7854794423297
scalar_output,context_default,1,64,64,1,0,0,16384,33171800,2024.64599609375,2727.6399999999999,2024.64599609375,2036.3532172309028,36.278423725526515,2002.7352112452484,2069.9712232165575
scalar_output,context_default,1,64,64,1,0,1,16384,33141400,2022.79052734375,2506.48,2024.64599609375,2036.3532172309028,36.278423725526515,2002.7352112452484,2069.9712232165575
scalar_output,context_default,1,64,64,1,0,2,16384,33151500,2023.406982421875,2727.6399999999999,2024.64599609375,2036.3532172309028,36.278423725526515,2002.7352112452484,2069.9712232165575
scalar_output,context_default,1,64,64,1,0,3,16384,33405600,2038.916015625,2727.6399999999999,2024.64599609375,2036.3532172309028,36.278423725526515,2002.7352112452484,2069.9712232165575
scalar_output,context_default,1,64,64,1,0,4,16384,33659200,2054.39453125,2801.3600000000001,2024.64599609375,2036.3532172309028,36.278423725526515,2002.7352112452484,2069.9712232165575
scalar_output,context_default,1,64,64,1,0,5,16384,33362100,2036.260986328125,2727.6399999999999,2024.64599609375,2036.3532172309028,36.278423725526515,2002.7352112452484,2069.9712232165575
scalar_output,context_default,1,64,64,1,0,6,16384,34729200,2119.7021484375,2985.6600000000003,2024.64599609375,2036.3532172309028,36.278423725526515,2002.7352112452484,2069.9712232165575
scalar_output,context_default,1,64,64,1,0,7,16384,32540500,1986.114501953125,2875.0799999999999,2024.64599609375,2036.3532172309028,36.278423725526515,2002.7352112452484,2069.9712232165575
scalar_output,context_default,1,64,64,1,0,8,16384,33111200,2020.947265625,2875.0799999999999,2024.64599609375,2036.3532172309028,36.278423725526515,2002.7352112452484,2069.9712232165575
scalar_output,context_forced,1,64,64,1,0,0,16384,36588000,2233.154296875,3354.2600000000002,2018.499755859375,2071.9387478298613,97.730362479270894,1981.3752785990703,2162.5022170606521
scalar_output,context_forced,1,64,64,1,0,1,16384,36476200,2226.33056640625,2690.7799999999997,2018.499755859375,2071.9387478298613,97.730362479270894,1981.3752785990703,2162.5022170606521
scalar_output,context_forced,1,64,64,1,0,2,16384,33747900,2059.808349609375,2727.6399999999999,2018.499755859375,2071.9387478298613,97.730362479270894,1981.3752785990703,2162.5022170606521
scalar_output,context_forced,1,64,64,1,0,3,16384,32567600,1987.7685546875,2617.0599999999999,2018.499755859375,2071.9387478298613,97.730362479270894,1981.3752785990703,2162.5022170606521
scalar_output,context_forced,1,64,64,1,0,4,16384,32826900,2003.594970703125,2801.3600000000001,2018.499755859375,2071.9387478298613,97.730362479270894,1981.3752785990703,2162.5022170606521
scalar_output,context_forced,1,64,64,1,0,5,16384,34652900,2115.045166015625,2838.2200000000003,2018.499755859375,2071.9387478298613,97.730362479270894,1981.3752785990703,2162.5022170606521
scalar_output,context_forced,1,64,64,1,0,6,16384,32692600,1995.39794921875,2838.2200000000003,2018.499755859375,2071.9387478298613,97.730362479270894,1981.3752785990703,2162.5022170606521
scalar_output,context_forced,1,64,64,1,0,7,16384,33071100,2018.499755859375,2727.6399999999999,2018.499755859375,2071.9387478298613,97.730362479270894,1981.3752785990703,2162.5022170606521
scalar_output,context_forced,1,64,64,1,0,8,16384,32896600,2007.84912109375,2875.0799999999999,2018.499755859375,2071.9387478298613,97.730362479270894,1981.3752785990703,2162.5022170606521
scalar_output,scalar_prevalidated,1,64,64,1,0,0,16384,27920500,1704.132080078125,3354.2600000000002,1704.132080078125,1715.0004069010417,37.219357263581948,1680.5104691701224,1749.4903446319611
scalar_output,scalar_prevalidated,1,64,64,1,0,1,16384,27115700,1655.010986328125,2911.9400000000001,1704.132080078125,1715.0004069010417,37.219357263581948,1680.5104691701224,1749.4903446319611
scalar_output,scalar_prevalidated,1,64,64,1,0,2,16384,27744900,1693.414306640625,2727.6399999999999,1704.132080078125,1715.0004069010417,37.219357263581948,1680.5104691701224,1749.4903446319611
scalar_output,scalar_prevalidated,1,64,64,1,0,3,16384,28916700,1764.935302734375,2801.3600000000001,1704.132080078125,1715.0004069010417,37.219357263581948,1680.5104691701224,1749.4903446319611
scalar_output,scalar_prevalidated,1,64,64,1,0,4,16384,28786000,1756.9580078125,2801.3600000000001,1704.132080078125,1715.0004069010417,37.219357263581948,1680.5104691701224,1749.4903446319611
scalar_output,scalar_prevalidated,1,64,64,1,0,5,16384,27576300,1683.123779296875,2801.3600000000001,1704.132080078125,1715.0004069010417,37.219357263581948,1680.5104691701224,1749.4903446319611
scalar_output,scalar_prevalidated,1,64,64,1,0,6,16384,28527500,1741.180419921875,3059.3799999999997,1704.132080078125,1715.0004069010417,37.219357263581948,1680.5104691701224,1749.4903446319611
scalar_output,scalar_prevalidated,1,64,64,1,0,7,16384,28502000,1739.6240234375,2875.0799999999999,1704.132080078125,1715.0004069010417,37.219357263581948,1680.5104691701224,1749.4903446319611
scalar_output,scalar_prevalidated,1,64,64,1,0,8,16384,27797500,1696.624755859375,2875.0799999999999,1704.132080078125,1715.0004069010417,37.219357263581948,1680.5104691701224,1749.4903446319611
small,tensor_dot_serial,16,4,4,16,0,0,4096,34182900,8345.4345703125,2764.5,8478.1494140625,8504.6603732638887,141.59659880492103,8373.4475250379946,8635.8732214897827
small,tensor_dot_serial,16,4,4,16,0,1,4096,35072700,8562.6708984375,3354.2600000000002,8478.1494140625,8504.6603732638887,141.59659880492103,8373.4475250379946,8635.8732214897827
small,tensor_dot_serial,16,4,4,16,0,2,4096,34726500,8478.1494140625,2838.2200000000003,8478.1494140625,8504.6603732638887,141.59659880492103,8373.4475250379946,8635.8732214897827
small,tensor_dot_serial,16,4,4,16,0,3,4096,34562600,8438.134765625,2875.0799999999999,8478.1494140625,8504.6603732638887,141.59659880492103,8373.4475250379946,8635.8732214897827
small,tensor_dot_serial,16,4,4,16,0,4,4096,35303000,8618.896484375,3686,8478.1494140625,8504.6603732638887,141.59659880492103,8373.4475250379946,8635.8732214897827
small,tensor_dot_serial,16,4,4,16,0,5,4096,36043600,8799.70703125,3686,8478.1494140625,8504.6603732638887,141.59659880492103,8373.4475250379946,8635.8732214897827
small,tensor_dot_serial,16,4,4,16,0,6,4096,34876700,8514.8193359375,2617.0599999999999,8478.1494140625,8504.6603732638887,141.59659880492103,8373.4475250379946,8635.8732214897827
small,tensor_dot_serial,16,4,4,16,0,7,4096,34465000,8414.306640625,2764.5,8478.1494140625,8504.6603732638887,141.59659880492103,8373.4475250379946,8635.8732214897827
small,tensor_dot_serial,16,4,4,16,0,8,4096,34282800,8369.82421875,2801.3600000000001,8478.1494140625,8504.6603732638887,141.59659880492103,8373.4475250379946,8635.8732214897827
small,context_default,16,4,4,16,0,0,4096,35086200,8565.966796875,3501.6999999999998,8487.353515625,8479.1286892361113,84.222878480941091,8401.082155177106,8557.1752232951167
small,context_default,16,4,4,16,0,1,4096,34515200,8426.5625,3391.1200000000003,8487.353515625,8479.1286892361113,84.222878480941091,8401.082155177106,8557.1752232951167
small,context_default,16,4,4,16,0,2,4096,35348100,8629.9072265625,2875.0799999999999,8487.353515625,8479.1286892361113,84.222878480941091,8401.082155177106,8557.1752232951167
small,context_default,16,4,4,16,0,3,4096,34621300,8452.4658203125,2838.2200000000003,8487.353515625,8479.1286892361113,84.222878480941091,8401.082155177106,8557.1752232951167
small,context_default,16,4,4,16,0,4,4096,34814800,8499.70703125,2875.0799999999999,8487.353515625,8479.1286892361113,84.222878480941091,8401.082155177106,8557.1752232951167
small,context_default,16,4,4,16,0,5,4096,34811200,8498.828125,3133.0999999999999,8487.353515625,8479.1286892361113,84.222878480941091,8401.082155177106,8557.1752232951167
small,context_default,16,4,4,16,0,6,4096,34764200,8487.353515625,3649.1399999999999,8487.353515625,8479.1286892361113,84.222878480941091,8401.082155177106,8557.1752232951167
small,context_default,16,4,4,16,0,7,4096,34229200,8356.73828125,2727.6399999999999,8487.353515625,8479.1286892361113,84.222878480941091,8401.082155177106,8557.1752232951167
small,context_default,16,4,4,16,0,8,4096,34384400,8394.62890625,2543.3399999999997,8487.353515625,8479.1286892361113,84.222878480941091,8401.082155177106,8557.1752232951167
small,context_forced,16,4,4,16,0,0,1024,28677100,28004.98046875,2764.5,27412.98828125,27655.946180555555,1531.8882958232782,26236.396359759317,29075.496001351792
small,context_forced,16,4,4,16,0,1,1024,27500100,26855.56640625,2838.2200000000003,27412.98828125,27655.946180555555,1531.8882958232782,26236.396359759317,29075.496001351792
small,context_forced,16,4,4,16,0,2,1024,28070900,27412.98828125,2764.5,27412.98828125,27655.946180555555,1531.8882958232782,26236.396359759317,29075.496001351792
small,context_forced,16,4,4,16,0,3,1024,27610500,26963.37890625,2875.0799999999999,27412.98828125,27655.946180555555,1531.8882958232782,26236.396359759317,29075.496001351792
small,context_forced,16,4,4,16,0,4,1024,26657000,26032.2265625,3686,27412.98828125,27655.946180555555,1531.8882958232782,26236.396359759317,29075.496001351792
small,context_forced,16,4,4,16,0,5,1024,29948600,29246.6796875,3133.0999999999999,27412.98828125,27655.946180555555,1531.8882958232782,26236.396359759317,29075.496001351792
small,context_forced,16,4,4,16,0,6,1024,28440600,27774.0234375,3575.4200000000001,27412.98828125,27655.946180555555,1531.8882958232782,26236.396359759317,29075.496001351792
small,context_forced,16,4,4,16,0,7,1024,31435700,30698.92578125,2727.6399999999999,27412.98828125,27655.946180555555,1531.8882958232782,26236.396359759317,29075.496001351792
small,context_forced,16,4,4,16,0,8,1024,26536700,25914.74609375,2690.7799999999997,27412.98828125,27655.946180555555,1531.8882958232782,26236.396359759317,29075.496001351792
small,scalar_prevalidated,16,4,4,16,0,0,16384,20718700,1264.569091796875,2801.3600000000001,1269.915771484375,1264.9183485243057,15.628249837086106,1250.4361703419393,1279.4005267066721
small,scalar_prevalidated,16,4,4,16,0,1,16384,20920300,1276.873779296875,3391.1200000000003,1269.915771484375,1264.9183485243057,15.628249837086106,1250.4361703419393,1279.4005267066721
small,scalar_prevalidated,16,4,4,16,0,2,16384,20681900,1262.322998046875,2838.2200000000003,1269.915771484375,1264.9183485243057,15.628249837086106,1250.4361703419393,1279.4005267066721
small,scalar_prevalidated,16,4,4,16,0,3,16384,20353000,1242.24853515625,2801.3600000000001,1269.915771484375,1264.9183485243057,15.628249837086106,1250.4361703419393,1279.4005267066721
small,scalar_prevalidated,16,4,4,16,0,4,16384,20960900,1279.351806640625,2875.0799999999999,1269.915771484375,1264.9183485243057,15.628249837086106,1250.4361703419393,1279.4005267066721
small,scalar_prevalidated,16,4,4,16,0,5,16384,20806300,1269.915771484375,3649.1399999999999,1269.915771484375,1264.9183485243057,15.628249837086106,1250.4361703419393,1279.4005267066721
small,scalar_prevalidated,16,4,4,16,0,6,16384,20888900,1274.957275390625,2690.7799999999997,1269.915771484375,1264.9183485243057,15.628249837086106,1250.4361703419393,1279.4005267066721
small,scalar_prevalidated,16,4,4,16,0,7,16384,20260900,1236.627197265625,2727.6399999999999,1269.915771484375,1264.9183485243057,15.628249837086106,1250.4361703419393,1279.4005267066721
small,scalar_prevalidated,16,4,4,16,0,8,16384,20928900,1277.398681640625,2764.5,1269.915771484375,1264.9183485243057,15.628249837086106,1250.4361703419393,1279.4005267066721
