Timestamp,Benchmark,Mean(ns),StdDev(ns)
1762147809,init_get_overhead,0.283287,0
1762147809,lazy_init,0.262852,0
Timestamp,Benchmark,Mean(ns),StdDev(ns)
1762149446,init_get_overhead,0.286657,0
1762149446,lazy_init,0.265818,0
Timestamp,Benchmark,Mean(ns),StdDev(ns)
1762149877,init_get_overhead,0.273565,0
1762149877,lazy_init,0.281984,0
Timestamp,Benchmark,Mean(ns),StdDev(ns)
1762150437,init_get_overhead,0.336646,0
1762150437,lazy_init,0.251731,0
Timestamp,Benchmark,Mean(ns),StdDev(ns)
1762151033,init_get_overhead,0.275841,0
1762151033,lazy_init,0.255616,0
Timestamp,Benchmark,Mean(ns),StdDev(ns)
1762151377,init_get_overhead,0.353269,0
1762151377,lazy_init,0.323991,0
Timestamp,Benchmark,Mean(ns),StdDev(ns)
1762151589,init_get_overhead,0.280325,0
1762151589,lazy_init,0.266385,0
Timestamp,Benchmark,Mean(ns),StdDev(ns)
1762160199,init_get_overhead,0.305166,0
1762160199,lazy_init,0.2709,0
Timestamp,Benchmark,Mean(ns),StdDev(ns)
1762160485,init_get_overhead,0.478821,0
1762160485,lazy_init,0.461066,0
Timestamp,Benchmark,Mean(ns),StdDev(ns)
1762178299,init_get_overhead,0.335204,0
1762178299,lazy_init,0.333035,0
Timestamp,Benchmark,Mean(ns),StdDev(ns)
1762178727,init_get_overhead,0.275671,0
1762178727,lazy_init,0.264117,0
Timestamp,Benchmark,Mean(ns),StdDev(ns)
1762181817,init_get_overhead,0.305949,0
1762181817,lazy_init,0.278063,0
Timestamp,Benchmark,Mean(ns),StdDev(ns)
1762182101,init_get_overhead,0.329019,0
1762182101,lazy_init,0.304265,0
Timestamp,Benchmark,Mean(ns),StdDev(ns)
1762182773,init_get_overhead,0.326132,0
1762182773,lazy_init,0.290729,0
Timestamp,Benchmark,Mean(ns),StdDev(ns)
1762200742,init_get_overhead,0.491006,0
1762200742,lazy_init,0.490357,0
Timestamp,Benchmark,Mean(ns),StdDev(ns)
1762201127,init_get_overhead,0.661327,0
1762201127,lazy_init,0.722021,0
Timestamp,Benchmark,Mean(ns),StdDev(ns)
1762201572,init_get_overhead,0.2899,0
1762201572,lazy_init,0.305259,0
Timestamp,Benchmark,Mean(ns),StdDev(ns)
1762208140,init_get_overhead,0.471067,0
1762208140,lazy_init,0.453148,0
Timestamp,Benchmark,Mean(ns),StdDev(ns)
1762215649,init_get_overhead,0.533754,0
1762215649,lazy_init,0.51375,0
Timestamp,Benchmark,Mean(ns),StdDev(ns)
1762217703,init_get_overhead,0.286782,0
1762217703,lazy_init,0.261037,0
Timestamp,Benchmark,Mean(ns),StdDev(ns)
1762218450,init_get_overhead,0.514622,0
1762218450,lazy_init,0.465786,0
Timestamp,Benchmark,Mean(ns),StdDev(ns)
1762221542,init_get_overhead,0.501563,0
1762221542,lazy_init,0.439723,0
Timestamp,Benchmark,Mean(ns),StdDev(ns)
1762224230,init_get_overhead,0.355449,0
1762224230,lazy_init,0.326139,0
Timestamp,Benchmark,Mean(ns),StdDev(ns)
1762224478,init_get_overhead,0.764699,0
1762224478,lazy_init,0.631046,0
Timestamp,Benchmark,Mean(ns),StdDev(ns)
1762224495,init_get_overhead,0.476745,0
1762224495,lazy_init,0.416697,0
Timestamp,Benchmark,Mean(ns),StdDev(ns)
1762225339,init_get_overhead,13.8665,0
1762225343,lazy_init,13.9184,0
Timestamp,Benchmark,Mean(ns),StdDev(ns)
1762228373,init_get_overhead,0.288722,0
1762228373,lazy_init,0.30038,0
Timestamp,Benchmark,Mean(ns),StdDev(ns)
1762228432,init_get_overhead,0.287509,0
1762228432,lazy_init,0.26129,0
Timestamp,Benchmark,Mean(ns),StdDev(ns)
1762228808,init_get_overhead,0.279534,0
1762228808,lazy_init,0.267237,0
Timestamp,Benchmark,Mean(ns),StdDev(ns)
1762266570,init_get_overhead,0.559739,0
1762266570,lazy_init,0.488399,0
Timestamp,Benchmark,Mean(ns),StdDev(ns)
1762266963,init_get_overhead,0.537653,0
1762266963,lazy_init,0.47008,0
Timestamp,Benchmark,Mean(ns),StdDev(ns)
1762268533,init_get_overhead,0.291702,0
1762268533,lazy_init,0.281625,0
Timestamp,Benchmark,Mean(ns),StdDev(ns)
1762270287,init_get_overhead,0.400215,0
1762270287,lazy_init,0.290109,0
Timestamp,Benchmark,Mean(ns),StdDev(ns)
1762270397,init_get_overhead,0.305193,0
1762270397,lazy_init,0.284324,0
Timestamp,Benchmark,Mean(ns),StdDev(ns)
1762271898,init_get_overhead,0.487157,0
1762271898,lazy_init,0.465526,0
Timestamp,Benchmark,Mean(ns),StdDev(ns)
1762272333,init_get_overhead,0.280255,0
1762272333,lazy_init,0.265966,0
Timestamp,Benchmark,Mean(ns),StdDev(ns)
1762319914,init_get_overhead,0.572598,0
1762319914,lazy_init,0.482744,0
Timestamp,Benchmark,Mean(ns),StdDev(ns)
1762326270,init_get_overhead,0.42437,0
1762326270,lazy_init,0.4012,0
Timestamp,Benchmark,Mean(ns),StdDev(ns)
1762327982,init_get_overhead,0.513071,0
1762327982,lazy_init,0.482267,0
Timestamp,Benchmark,Mean(ns),StdDev(ns)
1762331288,init_get_overhead,0.280918,0
1762331288,lazy_init,0.268598,0
Timestamp,Benchmark,Mean(ns),StdDev(ns)
1762332830,init_get_overhead,0.293369,0
1762332830,lazy_init,0.294447,0
Timestamp,Benchmark,Mean(ns),StdDev(ns)
1762333075,init_get_overhead,0.560871,0
1762333075,lazy_init,0.492958,0
Timestamp,Benchmark,Mean(ns),StdDev(ns)
1762333545,init_get_overhead,0.29796,0
1762333545,lazy_init,0.302668,0
Timestamp,Benchmark,Mean(ns),StdDev(ns)
1762334066,init_get_overhead,0.49461,0
1762334067,lazy_init,0.455235,0
Timestamp,Benchmark,Mean(ns),StdDev(ns)
1762335771,init_get_overhead,0.365904,0
1762335771,lazy_init,0.345441,0
Timestamp,Benchmark,Mean(ns),StdDev(ns)
1762362365,init_get_overhead,0.284807,0
1762362365,lazy_init,0.343347,0
Timestamp,Benchmark,Mean(ns),StdDev(ns)
1762430786,init_get_overhead,0.464633,0
1762430786,lazy_init,0.437563,0
Timestamp,Benchmark,Mean(ns),StdDev(ns)
1762432512,init_get_overhead,0.489645,0
1762432512,lazy_init,0.436624,0
Timestamp,Benchmark,Mean(ns),StdDev(ns)
1762444004,init_get_overhead,0.549742,0
1762444004,lazy_init,0.541862,0
Timestamp,Benchmark,Mean(ns),StdDev(ns)
1762644687,init_get_overhead,0.565544,0
1762644687,lazy_init,0.489292,0
Timestamp,Benchmark,Mean(ns),StdDev(ns)
1762644769,init_get_overhead,0.278204,0
1762644769,lazy_init,0.266775,0
Timestamp,Benchmark,Mean(ns),StdDev(ns)
1762650800,init_get_overhead,0.28627,0
1762650800,lazy_init,0.262107,0
Timestamp,Benchmark,Mean(ns),StdDev(ns)
1762651111,init_get_overhead,0.472533,0
1762651111,lazy_init,0.466212,0
Timestamp,Benchmark,Mean(ns),StdDev(ns)
1762652147,init_get_overhead,0.497003,0
1762652147,lazy_init,0.459378,0
Timestamp,Benchmark,Mean(ns),StdDev(ns)
1762658339,init_get_overhead,0.488386,0
1762658339,lazy_init,0.44493,0
Timestamp,Benchmark,Mean(ns),StdDev(ns)
1762658379,init_get_overhead,0.497922,0
1762658379,lazy_init,0.481661,0
Timestamp,Benchmark,Mean(ns),StdDev(ns)
1762661609,init_get_overhead,0.291838,0
1762661609,lazy_init,0.281585,0
Timestamp,Benchmark,Mean(ns),StdDev(ns)
1762662481,init_get_overhead,0.292131,0
1762662481,lazy_init,0.296756,0
Timestamp,Benchmark,Mean(ns),StdDev(ns)
1762662873,init_get_overhead,0.288016,0
1762662873,lazy_init,0.317718,0
Timestamp,Benchmark,Mean(ns),StdDev(ns)
1762662916,init_get_overhead,0.298737,0
1762662916,lazy_init,0.289904,0
Timestamp,Benchmark,Mean(ns),StdDev(ns)
1762663448,init_get_overhead,0.601629,0
1762663449,lazy_init,0.467548,0
Timestamp,Benchmark,Mean(ns),StdDev(ns)
1762663977,init_get_overhead,0.303918,0
1762663977,lazy_init,0.282444,0
Timestamp,Benchmark,Mean(ns),StdDev(ns)
1762668232,init_get_overhead,0.277788,0
1762668232,lazy_init,0.261332,0
Timestamp,Benchmark,Mean(ns),StdDev(ns)
1762670170,init_get_overhead,0.329791,0
1762670170,lazy_init,0.302833,0
Timestamp,Benchmark,Mean(ns),StdDev(ns)
1762671669,init_get_overhead,0.69405,0
1762671669,lazy_init,0.670753,0
Timestamp,Benchmark,Mean(ns),StdDev(ns)
1762672490,init_get_overhead,0.531752,0
1762672490,lazy_init,0.465946,0
Timestamp,Benchmark,Mean(ns),StdDev(ns)
1762678653,init_get_overhead,0.282366,0
1762678653,lazy_init,0.264747,0
Timestamp,Benchmark,Mean(ns),StdDev(ns)
1762679682,init_get_overhead,0.278836,0
1762679683,lazy_init,0.282578,0
Timestamp,Benchmark,Mean(ns),StdDev(ns)
1762697447,init_get_overhead,0.270823,0
1762697448,lazy_init,0.29107,0
Timestamp,Benchmark,Mean(ns),StdDev(ns)
1762698064,init_get_overhead,0.297614,0
1762698065,lazy_init,0.289612,0
Timestamp,Benchmark,Mean(ns),StdDev(ns)
1762705772,init_get_overhead,0.262477,0
1762705772,lazy_init,0.279031,0
Timestamp,Benchmark,Mean(ns),StdDev(ns)
1762706144,init_get_overhead,0.312198,0
1762706144,lazy_init,0.261483,0
Timestamp,Benchmark,Mean(ns),StdDev(ns)
1762707415,init_get_overhead,0.281698,0
1762707415,lazy_init,0.29477,0
Timestamp,Benchmark,Mean(ns),StdDev(ns)
1762707879,init_get_overhead,0.276748,0
1762707879,lazy_init,0.266417,0
Timestamp,Benchmark,Mean(ns),StdDev(ns)
1762709037,init_get_overhead,0.293555,0
1762709037,lazy_init,0.27227,0
Timestamp,Benchmark,Mean(ns),StdDev(ns)
1762709844,init_get_overhead,0.271666,0
1762709844,lazy_init,0.256853,0
Timestamp,Benchmark,Mean(ns),StdDev(ns)
1762711566,init_get_overhead,0.29851,0
1762711566,lazy_init,0.301752,0
Timestamp,Benchmark,Mean(ns),StdDev(ns)
1762711858,init_get_overhead,0.282135,0
1762711858,lazy_init,0.270413,0
Timestamp,Benchmark,Mean(ns),StdDev(ns)
1762711968,init_get_overhead,0.48783,0
1762711968,lazy_init,0.49516,0
Timestamp,Benchmark,Mean(ns),StdDev(ns)
1762717451,init_get_overhead,0.53045,0
1762717451,lazy_init,0.536317,0
Timestamp,Benchmark,Mean(ns),StdDev(ns)
1762719930,init_get_overhead,0.327211,0
1762719930,lazy_init,0.281242,0
Timestamp,Benchmark,Mean(ns),StdDev(ns)
1762722620,init_get_overhead,0.366069,0
1762722620,lazy_init,0.301218,0
Timestamp,Benchmark,Mean(ns),StdDev(ns)
1762725246,init_get_overhead,0.358861,0
1762725246,lazy_init,0.269966,0
Timestamp,Benchmark,Mean(ns),StdDev(ns)
1762726876,init_get_overhead,0.317102,0
1762726876,lazy_init,0.293735,0
Timestamp,Benchmark,Mean(ns),StdDev(ns)
1762753472,init_get_overhead,0.468107,0
1762753472,lazy_init,0.432545,0
Timestamp,Benchmark,Mean(ns),StdDev(ns)
1762753568,init_get_overhead,0.416073,0
1762753568,lazy_init,0.373623,0
Timestamp,Benchmark,Mean(ns),StdDev(ns)
1762754248,init_get_overhead,0.41911,0
1762754248,lazy_init,0.397414,0
Timestamp,Benchmark,Mean(ns),StdDev(ns)
1762754287,init_get_overhead,0.490432,0
1762754287,lazy_init,0.493954,0
Timestamp,Benchmark,Mean(ns),StdDev(ns)
1762791680,init_get_overhead,0.573893,0
1762791680,lazy_init,0.513167,0
Timestamp,Benchmark,Mean(ns),StdDev(ns)
1762791989,init_get_overhead,0.299501,0
1762791989,lazy_init,0.266555,0
Timestamp,Benchmark,Mean(ns),StdDev(ns)
1762792174,init_get_overhead,0.288049,0
1762792174,lazy_init,0.282554,0
Timestamp,Benchmark,Mean(ns),StdDev(ns)
1762793709,init_get_overhead,0.291449,0
1762793709,lazy_init,0.275478,0
Timestamp,Benchmark,Mean(ns),StdDev(ns)
1762794523,init_get_overhead,0.275166,0
1762794523,lazy_init,0.275393,0
Timestamp,Benchmark,Mean(ns),StdDev(ns)
1762794725,init_get_overhead,0.500041,0
1762794725,lazy_init,0.468347,0
Timestamp,Benchmark,Mean(ns),StdDev(ns)
1762795392,init_get_overhead,0.27643,0
1762795392,lazy_init,0.27174,0
Timestamp,Benchmark,Mean(ns),StdDev(ns)
1762795486,init_get_overhead,0.326697,0
1762795487,lazy_init,0.339787,0
Timestamp,Benchmark,Mean(ns),StdDev(ns)
1762798081,init_get_overhead,0.337437,0
1762798081,lazy_init,0.266912,0
Timestamp,Benchmark,Mean(ns),StdDev(ns)
1762804090,init_get_overhead,0.319821,0
1762804090,lazy_init,0.325355,0
Timestamp,Benchmark,Mean(ns),StdDev(ns)
1762804720,init_get_overhead,0.286143,0
1762804720,lazy_init,0.292922,0
Timestamp,Benchmark,Mean(ns),StdDev(ns)
1762806797,init_get_overhead,0.320205,0
1762806797,lazy_init,0.320188,0
Timestamp,Benchmark,Mean(ns),StdDev(ns)
1762829804,init_get_overhead,0.493449,0
1762829804,lazy_init,0.543438,0
Timestamp,Benchmark,Mean(ns),StdDev(ns)
1762833727,init_get_overhead,0.276426,0
1762833727,lazy_init,0.266455,0
Timestamp,Benchmark,Mean(ns),StdDev(ns)
1762836821,init_get_overhead,0.563279,0
1762836821,lazy_init,0.522267,0
Timestamp,Benchmark,Mean(ns),StdDev(ns)
1762838326,init_get_overhead,0.290675,0
1762838326,lazy_init,0.330658,0
Timestamp,Benchmark,Mean(ns),StdDev(ns)
1762838475,init_get_overhead,0.27915,0
1762838475,lazy_init,0.264941,0
Timestamp,Benchmark,Mean(ns),StdDev(ns)
1762841107,init_get_overhead,0.282094,0
1762841107,lazy_init,0.268651,0
Timestamp,Benchmark,Mean(ns),StdDev(ns)
1762846478,init_get_overhead,0.280956,0
1762846478,lazy_init,0.288798,0
Timestamp,Benchmark,Mean(ns),StdDev(ns)
1762848584,init_get_overhead,0.307816,0
1762848584,lazy_init,0.286963,0
Timestamp,Benchmark,Mean(ns),StdDev(ns)
1762875040,init_get_overhead,0.28954,0
1762875040,lazy_init,0.273579,0
Timestamp,Benchmark,Mean(ns),StdDev(ns)
1762927034,init_get_overhead,0.309161,0
1762927034,lazy_init,0.293804,0
Timestamp,Benchmark,Mean(ns),StdDev(ns)
1762928943,init_get_overhead,0.277006,0
1762928943,lazy_init,0.265645,0
Timestamp,Benchmark,Mean(ns),StdDev(ns)
1762929208,init_get_overhead,0.267866,0
1762929208,lazy_init,0.301782,0
Timestamp,Benchmark,Mean(ns),StdDev(ns)
1762930257,init_get_overhead,0.307368,0
1762930257,lazy_init,0.289876,0
Timestamp,Benchmark,Mean(ns),StdDev(ns)
1762933817,init_get_overhead,0.265572,0
1762933817,lazy_init,0.270174,0
Timestamp,Benchmark,Mean(ns),StdDev(ns)
1762935200,init_get_overhead,0.280083,0
1762935200,lazy_init,0.280919,0
Timestamp,Benchmark,Mean(ns),StdDev(ns)
1762938206,init_get_overhead,0.384271,0
1762938206,lazy_init,0.345922,0
Timestamp,Benchmark,Mean(ns),StdDev(ns)
1762963326,init_get_overhead,0.47911,0
1762963326,lazy_init,0.452294,0
Timestamp,Benchmark,Mean(ns),StdDev(ns)
1762963744,init_get_overhead,0.401453,0
1762963744,lazy_init,0.410643,0
Timestamp,Benchmark,Mean(ns),StdDev(ns)
1763013799,init_get_overhead,0.3607,0
1763013799,lazy_init,0.310371,0
Timestamp,Benchmark,Mean(ns),StdDev(ns)
1763022267,init_get_overhead,0.277125,0
1763022267,lazy_init,0.305227,0
Timestamp,Benchmark,Mean(ns),StdDev(ns)
1763023251,init_get_overhead,0.285774,0
1763023251,lazy_init,0.281586,0
Timestamp,Benchmark,Mean(ns),StdDev(ns)
1763024248,init_get_overhead,0.488269,0
1763024248,lazy_init,0.462354,0
Timestamp,Benchmark,Mean(ns),StdDev(ns)
1763135762,init_get_overhead,0.309044,0
1763135762,lazy_init,0.319118,0
Timestamp,Benchmark,Mean(ns),StdDev(ns)
1763146289,init_get_overhead,0.267126,0
1763146289,lazy_init,0.249989,0
Timestamp,Benchmark,Mean(ns),StdDev(ns)
1763147294,init_get_overhead,0.268233,0
1763147294,lazy_init,0.267541,0
Timestamp,Benchmark,Mean(ns),StdDev(ns)
1763147778,init_get_overhead,0.265368,0
1763147778,lazy_init,0.251099,0
Timestamp,Benchmark,Mean(ns),StdDev(ns)
1763148979,init_get_overhead,0.515661,0
1763148979,lazy_init,0.484436,0
Timestamp,Benchmark,Mean(ns),StdDev(ns)
1763151548,init_get_overhead,0.31255,0
1763151548,lazy_init,0.296444,0
Timestamp,Benchmark,Mean(ns),StdDev(ns)
1763163971,init_get_overhead,0.28083,0
1763163971,lazy_init,0.265403,0
Timestamp,Benchmark,Mean(ns),StdDev(ns)
1763164066,init_get_overhead,0.281263,0
1763164067,lazy_init,0.261908,0
Timestamp,Benchmark,Mean(ns),StdDev(ns)
1763164238,init_get_overhead,0.26719,0
1763164238,lazy_init,0.266288,0
Timestamp,Benchmark,Mean(ns),StdDev(ns)
1763176260,init_get_overhead,0.2984,0
1763176260,lazy_init,0.294027,0
Timestamp,Benchmark,Mean(ns),StdDev(ns)
1763176932,init_get_overhead,0.297996,0
1763176932,lazy_init,0.304001,0
Timestamp,Benchmark,Mean(ns),StdDev(ns)
1763177399,init_get_overhead,0.491089,0
1763177399,lazy_init,0.448437,0
Timestamp,Benchmark,Mean(ns),StdDev(ns)
1763177860,init_get_overhead,0.273309,0
1763177860,lazy_init,0.277879,0
Timestamp,Benchmark,Mean(ns),StdDev(ns)
1763178477,init_get_overhead,0.280408,0
1763178477,lazy_init,0.259415,0
Timestamp,Benchmark,Mean(ns),StdDev(ns)
1763188854,init_get_overhead,0.463149,0
1763188854,lazy_init,0.421102,0
Timestamp,Benchmark,Mean(ns),StdDev(ns)
1763191262,init_get_overhead,0.281764,0
1763191262,lazy_init,0.406519,0
Timestamp,Benchmark,Mean(ns),StdDev(ns)
1763191832,init_get_overhead,0.347745,0
1763191833,lazy_init,0.555471,0
Timestamp,Benchmark,Mean(ns),StdDev(ns)
1763195254,init_get_overhead,0.327199,0
1763195254,lazy_init,0.300387,0
Timestamp,Benchmark,Mean(ns),StdDev(ns)
1763216483,init_get_overhead,0.514789,0
1763216483,lazy_init,0.545659,0
Timestamp,Benchmark,Mean(ns),StdDev(ns)
1763217909,init_get_overhead,0.441859,0
1763217909,lazy_init,0.33938,0
Timestamp,Benchmark,Mean(ns),StdDev(ns)
1763218181,init_get_overhead,0.315106,0
1763218181,lazy_init,0.295237,0
Timestamp,Benchmark,Mean(ns),StdDev(ns)
1763218509,init_get_overhead,0.46487,0
1763218509,lazy_init,0.422553,0
Timestamp,Benchmark,Mean(ns),StdDev(ns)
1763232733,init_get_overhead,0.287511,0
1763232733,lazy_init,0.292807,0
Timestamp,Benchmark,Mean(ns),StdDev(ns)
1763233624,init_get_overhead,0.317214,0
1763233624,lazy_init,0.277652,0
Timestamp,Benchmark,Mean(ns),StdDev(ns)
1763235262,init_get_overhead,0.593287,0
1763235262,lazy_init,0.597449,0
Timestamp,Benchmark,Mean(ns),StdDev(ns)
1763239387,init_get_overhead,0.398554,0
1763239387,lazy_init,0.37474,0
Timestamp,Benchmark,Mean(ns),StdDev(ns)
1763242207,init_get_overhead,0.293597,0
1763242207,lazy_init,0.322128,0
Timestamp,Benchmark,Mean(ns),StdDev(ns)
1763244261,init_get_overhead,0.418444,0
1763244261,lazy_init,0.408723,0
Timestamp,Benchmark,Mean(ns),StdDev(ns)
1763245073,init_get_overhead,0.429994,0
1763245073,lazy_init,0.41687,0
Timestamp,Benchmark,Mean(ns),StdDev(ns)
1763246364,init_get_overhead,0.498079,0
1763246364,lazy_init,0.47873,0
Timestamp,Benchmark,Mean(ns),StdDev(ns)
1763249465,init_get_overhead,0.325001,0
1763249465,lazy_init,0.282214,0
Timestamp,Benchmark,Mean(ns),StdDev(ns)
1763254419,init_get_overhead,0.298344,0
1763254419,lazy_init,0.311757,0
Timestamp,Benchmark,Mean(ns),StdDev(ns)
1763254890,init_get_overhead,0.285632,0
1763254890,lazy_init,0.291617,0
Timestamp,Benchmark,Mean(ns),StdDev(ns)
1763262959,init_get_overhead,0.281379,0
1763262959,lazy_init,0.275028,0
Timestamp,Benchmark,Mean(ns),StdDev(ns)
1763272936,init_get_overhead,0.457501,0
1763272936,lazy_init,0.426031,0
Timestamp,Benchmark,Mean(ns),StdDev(ns)
1763287048,init_get_overhead,0.331398,0
1763287048,lazy_init,0.28428,0
Timestamp,Benchmark,Mean(ns),StdDev(ns)
1763288616,init_get_overhead,0.277265,0
1763288616,lazy_init,0.286342,0
Timestamp,Benchmark,Mean(ns),StdDev(ns)
1763289105,init_get_overhead,0.341872,0
1763289105,lazy_init,0.281582,0
Timestamp,Benchmark,Mean(ns),StdDev(ns)
1763318773,init_get_overhead,0.304349,0
1763318773,lazy_init,0.259738,0
Timestamp,Benchmark,Mean(ns),StdDev(ns)
1763320723,init_get_overhead,0.869119,0
1763320724,lazy_init,0.749467,0
Timestamp,Benchmark,Mean(ns),StdDev(ns)
1763321235,init_get_overhead,0.510962,0
1763321235,lazy_init,0.442796,0
Timestamp,Benchmark,Mean(ns),StdDev(ns)
1763321748,init_get_overhead,0.274068,0
1763321748,lazy_init,0.264559,0
Timestamp,Benchmark,Mean(ns),StdDev(ns)
1763322108,init_get_overhead,0.293932,0
1763322108,lazy_init,0.282719,0
Timestamp,Benchmark,Mean(ns),StdDev(ns)
1763322618,init_get_overhead,0.274103,0
1763322618,lazy_init,0.311918,0
Timestamp,Benchmark,Mean(ns),StdDev(ns)
1763324252,init_get_overhead,0.269596,0
1763324252,lazy_init,0.260615,0
Timestamp,Benchmark,Mean(ns),StdDev(ns)
1763327211,init_get_overhead,0.272378,0
1763327211,lazy_init,0.290013,0
Timestamp,Benchmark,Mean(ns),StdDev(ns)
1763327980,init_get_overhead,0.281126,0
1763327980,lazy_init,0.268674,0
Timestamp,Benchmark,Mean(ns),StdDev(ns)
1763333227,init_get_overhead,0.273389,0
1763333227,lazy_init,0.27455,0
Timestamp,Benchmark,Mean(ns),StdDev(ns)
1763334370,init_get_overhead,0.286353,0
1763334370,lazy_init,0.316322,0
Timestamp,Benchmark,Mean(ns),StdDev(ns)
1763337373,init_get_overhead,0.266258,0
1763337373,lazy_init,0.277344,0
Timestamp,Benchmark,Mean(ns),StdDev(ns)
1763347306,init_get_overhead,0.278204,0
1763347306,lazy_init,0.268606,0
Timestamp,Benchmark,Mean(ns),StdDev(ns)
1763347523,init_get_overhead,0.331881,0
1763347523,lazy_init,0.314743,0
Timestamp,Benchmark,Mean(ns),StdDev(ns)
1763348386,init_get_overhead,0.31657,0
1763348386,lazy_init,0.374594,0
Timestamp,Benchmark,Mean(ns),StdDev(ns)
1763348853,init_get_overhead,0.450726,0
1763348853,lazy_init,0.437653,0
Timestamp,Benchmark,Mean(ns),StdDev(ns)
1763352847,init_get_overhead,0.321759,0
1763352847,lazy_init,0.268367,0
Timestamp,Benchmark,Mean(ns),StdDev(ns)
1763354796,init_get_overhead,0.422332,0
1763354797,lazy_init,0.414459,0
Timestamp,Benchmark,Mean(ns),StdDev(ns)
1763356118,init_get_overhead,0.374662,0
1763356118,lazy_init,0.370834,0
Timestamp,Benchmark,Mean(ns),StdDev(ns)
1763359206,init_get_overhead,0.285607,0
1763359206,lazy_init,0.269373,0
Timestamp,Benchmark,Mean(ns),StdDev(ns)
1763361324,init_get_overhead,0.300666,0
1763361324,lazy_init,0.260947,0
Timestamp,Benchmark,Mean(ns),StdDev(ns)
1763362486,init_get_overhead,0.389788,0
1763362486,lazy_init,0.367082,0
Timestamp,Benchmark,Mean(ns),StdDev(ns)
1763365470,init_get_overhead,0.328863,0
1763365470,lazy_init,0.32051,0
Timestamp,Benchmark,Mean(ns),StdDev(ns)
1763447541,init_get_overhead,0.271302,0
1763447541,lazy_init,0.292042,0
Timestamp,Benchmark,Mean(ns),StdDev(ns)
1763448648,init_get_overhead,0.271964,0
1763448648,lazy_init,0.263465,0
Timestamp,Benchmark,Mean(ns),StdDev(ns)
1763857366,init_get_overhead,0.294791,0
1763857366,lazy_init,0.295201,0
Timestamp,Benchmark,Mean(ns),StdDev(ns)
1763857726,init_get_overhead,0.345462,0
1763857726,lazy_init,0.34085,0
Timestamp,Benchmark,Mean(ns),StdDev(ns)
1763869906,init_get_overhead,0.362987,0
1763869906,lazy_init,0.318702,0
Timestamp,Benchmark,Mean(ns),StdDev(ns)
1763937859,init_get_overhead,0.337864,0
1763937859,lazy_init,0.347335,0
Timestamp,Benchmark,Mean(ns),StdDev(ns)
1763944716,init_get_overhead,0.287186,0
1763944716,lazy_init,0.259107,0
Timestamp,Benchmark,Mean(ns),StdDev(ns)
1763946616,init_get_overhead,0.304387,0
1763946617,lazy_init,0.304199,0
Timestamp,Benchmark,Mean(ns),StdDev(ns)
1763946949,init_get_overhead,0.339281,0
1763946950,lazy_init,0.340144,0
Timestamp,Benchmark,Mean(ns),StdDev(ns)
1763949806,init_get_overhead,0.295303,0
1763949806,lazy_init,0.291545,0
Timestamp,Benchmark,Mean(ns),StdDev(ns)
1763951809,init_get_overhead,0.461813,0
1763951809,lazy_init,0.416566,0
Timestamp,Benchmark,Mean(ns),StdDev(ns)
1763954670,init_get_overhead,0.275939,0
1763954670,lazy_init,0.309683,0
Timestamp,Benchmark,Mean(ns),StdDev(ns)
1763956669,init_get_overhead,0.288989,0
1763956669,lazy_init,0.283133,0
Timestamp,Benchmark,Mean(ns),StdDev(ns)
1763958543,init_get_overhead,0.344022,0
1763958543,lazy_init,0.310554,0
Timestamp,Benchmark,Mean(ns),StdDev(ns)
1763959083,init_get_overhead,0.319358,0
1763959083,lazy_init,0.307929,0
Timestamp,Benchmark,Mean(ns),StdDev(ns)
1763962136,init_get_overhead,0.268605,0
1763962136,lazy_init,0.256505,0
Timestamp,Benchmark,Mean(ns),StdDev(ns)
1763964312,init_get_overhead,0.286969,0
1763964312,lazy_init,0.305111,0
Timestamp,Benchmark,Mean(ns),StdDev(ns)
1763964858,init_get_overhead,0.305316,0
1763964858,lazy_init,0.286864,0
Timestamp,Benchmark,Mean(ns),StdDev(ns)
1763965938,init_get_overhead,0.367015,0
1763965938,lazy_init,0.395045,0
Timestamp,Benchmark,Mean(ns),StdDev(ns)
1763971372,init_get_overhead,0.295772,0
1763971372,lazy_init,0.284478,0
Timestamp,Benchmark,Mean(ns),StdDev(ns)
1763976166,init_get_overhead,0.285403,0
1763976166,lazy_init,0.321117,0
Timestamp,Benchmark,Mean(ns),StdDev(ns)
1763976915,init_get_overhead,0.294037,0
1763976915,lazy_init,0.286006,0
Timestamp,Benchmark,Mean(ns),StdDev(ns)
1763997422,init_get_overhead,0.278881,0
1763997422,lazy_init,0.295437,0
Timestamp,Benchmark,Mean(ns),StdDev(ns)
1763999634,init_get_overhead,0.291641,0
1763999634,lazy_init,0.29983,0
Timestamp,Benchmark,Mean(ns),StdDev(ns)
1764003467,init_get_overhead,0.313578,0
1764003467,lazy_init,0.264834,0
Timestamp,Benchmark,Mean(ns),StdDev(ns)
1764004591,init_get_overhead,0.287335,0
1764004591,lazy_init,0.281171,0
Timestamp,Benchmark,Mean(ns),StdDev(ns)
1764005113,init_get_overhead,0.313566,0
1764005113,lazy_init,0.270559,0
Timestamp,Benchmark,Mean(ns),StdDev(ns)
1764008623,init_get_overhead,0.286488,0
1764008623,lazy_init,0.273452,0
Timestamp,Benchmark,Mean(ns),StdDev(ns)
1764009942,init_get_overhead,0.305815,0
1764009942,lazy_init,0.297029,0
Timestamp,Benchmark,Mean(ns),StdDev(ns)
1764011270,init_get_overhead,0.29289,0
1764011270,lazy_init,0.281842,0
Timestamp,Benchmark,Mean(ns),StdDev(ns)
1764016550,init_get_overhead,0.291408,0
1764016550,lazy_init,0.300237,0
Timestamp,Benchmark,Mean(ns),StdDev(ns)
1764021732,init_get_overhead,0.487672,0
1764021732,lazy_init,0.474129,0
Timestamp,Benchmark,Mean(ns),StdDev(ns)
1764022362,init_get_overhead,0.315086,0
1764022362,lazy_init,0.298348,0
Timestamp,Benchmark,Mean(ns),StdDev(ns)
1764025074,init_get_overhead,0.267396,0
1764025074,lazy_init,0.287083,0
Timestamp,Benchmark,Mean(ns),StdDev(ns)
1764031289,init_get_overhead,0.328566,0
1764031289,lazy_init,0.271124,0
Timestamp,Benchmark,Mean(ns),StdDev(ns)
1764034000,init_get_overhead,0.299101,0
1764034000,lazy_init,0.309045,0
Timestamp,Benchmark,Mean(ns),StdDev(ns)
1764035486,init_get_overhead,0.302115,0
1764035486,lazy_init,0.301354,0
Timestamp,Benchmark,Mean(ns),StdDev(ns)
1764037611,init_get_overhead,0.274917,0
1764037612,lazy_init,0.307564,0
Timestamp,Benchmark,Mean(ns),StdDev(ns)
1764038699,init_get_overhead,0.286168,0
1764038699,lazy_init,0.293789,0
Timestamp,Benchmark,Mean(ns),StdDev(ns)
1764038856,init_get_overhead,0.337376,0
1764038856,lazy_init,0.289961,0
Timestamp,Benchmark,Mean(ns),StdDev(ns)
1764039075,init_get_overhead,0.281385,0
1764039075,lazy_init,0.318549,0
Timestamp,Benchmark,Mean(ns),StdDev(ns)
1764052429,init_get_overhead,0.380089,0
1764052429,lazy_init,0.330738,0
Timestamp,Benchmark,Mean(ns),StdDev(ns)
1764052650,init_get_overhead,0.468702,0
1764052650,lazy_init,0.307343,0
Timestamp,Benchmark,Mean(ns),StdDev(ns)
1764053985,init_get_overhead,0.30283,0
1764053985,lazy_init,0.287595,0
Timestamp,Benchmark,Mean(ns),StdDev(ns)
1764057718,init_get_overhead,0.280169,0
1764057718,lazy_init,0.272096,0
Timestamp,Benchmark,Mean(ns),StdDev(ns)
1764141805,init_get_overhead,0.616722,0
1764141805,lazy_init,0.494035,0
Timestamp,Benchmark,Mean(ns),StdDev(ns)
1764144597,init_get_overhead,0.758141,0
1764144598,lazy_init,0.72425,0
Timestamp,Benchmark,Mean(ns),StdDev(ns)
1764171394,init_get_overhead,2.59458,0
1764171395,lazy_init,1.90117,0
Timestamp,Benchmark,Mean(ns),StdDev(ns)
1764171993,init_get_overhead,1.23361,0
1764171993,lazy_init,0.714323,0
Timestamp,Benchmark,Mean(ns),StdDev(ns)
1764172628,init_get_overhead,9.56531,0
1764172630,lazy_init,8.4609,0
Timestamp,Benchmark,Mean(ns),StdDev(ns)
1764173906,init_get_overhead,4.02956,0
1764173906,lazy_init,1.68559,0
Timestamp,Benchmark,Mean(ns),StdDev(ns)
1764221018,init_get_overhead,0.488416,0
1764221018,lazy_init,0.410053,0
Timestamp,Benchmark,Mean(ns),StdDev(ns)
1764227055,init_get_overhead,0.328514,0
1764227055,lazy_init,0.309242,0
Timestamp,Benchmark,Mean(ns),StdDev(ns)
1764227640,init_get_overhead,0.562293,0
1764227640,lazy_init,0.518451,0
Timestamp,Benchmark,Mean(ns),StdDev(ns)
1764228547,init_get_overhead,0.312184,0
1764228547,lazy_init,0.311274,0
Timestamp,Benchmark,Mean(ns),StdDev(ns)
1764229102,init_get_overhead,0.357955,0
1764229102,lazy_init,0.352896,0
Timestamp,Benchmark,Mean(ns),StdDev(ns)
1764230066,init_get_overhead,0.281853,0
1764230066,lazy_init,0.285697,0
Timestamp,Benchmark,Mean(ns),StdDev(ns)
1764230335,init_get_overhead,0.337648,0
1764230336,lazy_init,0.370335,0
Timestamp,Benchmark,Mean(ns),StdDev(ns)
1764230586,init_get_overhead,0.465153,0
1764230586,lazy_init,0.647387,0
Timestamp,Benchmark,Mean(ns),StdDev(ns)
1764258521,init_get_overhead,41.9137,0
1764258523,lazy_init,5.00122,0
Timestamp,Benchmark,Mean(ns),StdDev(ns)
1764259526,init_get_overhead,2.45845,0
1764259527,lazy_init,1.8484,0
Timestamp,Benchmark,Mean(ns),StdDev(ns)
1764260170,init_get_overhead,2.02638,0
1764260170,lazy_init,1.30093,0
Timestamp,Benchmark,Mean(ns),StdDev(ns)
1764260870,init_get_overhead,2.2115,0
1764260870,lazy_init,2.02464,0
Timestamp,Benchmark,Mean(ns),StdDev(ns)
1764261713,init_get_overhead,1.36864,0
1764261713,lazy_init,0.84396,0
Timestamp,Benchmark,Mean(ns),StdDev(ns)
1764262275,init_get_overhead,1.18438,0
1764262275,lazy_init,1.01773,0
Timestamp,Benchmark,Mean(ns),StdDev(ns)
1764267776,init_get_overhead,1.19087,0
1764267776,lazy_init,0.96268,0
Timestamp,Benchmark,Mean(ns),StdDev(ns)
1764273740,init_get_overhead,1.11372,0
1764273740,lazy_init,1.09342,0
Timestamp,Benchmark,Mean(ns),StdDev(ns)
1764276902,init_get_overhead,7.81837,0
1764276904,lazy_init,9.91332,0
Timestamp,Benchmark,Mean(ns),StdDev(ns)
1764308051,init_get_overhead,0.344506,0
1764308051,lazy_init,0.344152,0
Timestamp,Benchmark,Mean(ns),StdDev(ns)
1764308246,init_get_overhead,0.445917,0
1764308246,lazy_init,0.382196,0
Timestamp,Benchmark,Mean(ns),StdDev(ns)
1764308440,init_get_overhead,0.307106,0
1764308440,lazy_init,0.285756,0
Timestamp,Benchmark,Mean(ns),StdDev(ns)
1764309803,init_get_overhead,0.298732,0
1764309804,lazy_init,0.343469,0
Timestamp,Benchmark,Mean(ns),StdDev(ns)
1764310812,init_get_overhead,0.304254,0
1764310812,lazy_init,0.321229,0
Timestamp,Benchmark,Mean(ns),StdDev(ns)
1764312433,init_get_overhead,0.307227,0
1764312433,lazy_init,0.382816,0
Timestamp,Benchmark,Mean(ns),StdDev(ns)
1764312941,init_get_overhead,0.433711,0
1764312941,lazy_init,0.375345,0
Timestamp,Benchmark,Mean(ns),StdDev(ns)
1764314984,init_get_overhead,0.450506,0
1764314984,lazy_init,0.410151,0
Timestamp,Benchmark,Mean(ns),StdDev(ns)
1764316798,init_get_overhead,0.308786,0
1764316798,lazy_init,0.342717,0
Timestamp,Benchmark,Mean(ns),StdDev(ns)
1764317252,init_get_overhead,0.388126,0
1764317252,lazy_init,0.28731,0
Timestamp,Benchmark,Mean(ns),StdDev(ns)
1764320691,init_get_overhead,0.442731,0
1764320691,lazy_init,0.383966,0
Timestamp,Benchmark,Mean(ns),StdDev(ns)
1764349501,init_get_overhead,0.309701,0
1764349501,lazy_init,0.285874,0
Timestamp,Benchmark,Mean(ns),StdDev(ns)
1764354860,init_get_overhead,0.297282,0
1764354860,lazy_init,0.277431,0
Timestamp,Benchmark,Mean(ns),StdDev(ns)
1764369069,init_get_overhead,0.300627,0
1764369069,lazy_init,0.338619,0
Timestamp,Benchmark,Mean(ns),StdDev(ns)
1764372325,init_get_overhead,0.589828,0
1764372325,lazy_init,0.508256,0
Timestamp,Benchmark,Mean(ns),StdDev(ns)
1764378833,init_get_overhead,0.280302,0
1764378833,lazy_init,0.271935,0
Timestamp,Benchmark,Mean(ns),StdDev(ns)
1764381222,init_get_overhead,0.660295,0
1764381222,lazy_init,0.53101,0
Timestamp,Benchmark,Mean(ns),StdDev(ns)
1764397174,init_get_overhead,0.373808,0
1764397174,lazy_init,0.452291,0
Timestamp,Benchmark,Mean(ns),StdDev(ns)
1764398610,init_get_overhead,0.330893,0
1764398610,lazy_init,0.302542,0
Timestamp,Benchmark,Mean(ns),StdDev(ns)
1764445865,init_get_overhead,0.312174,0
1764445865,lazy_init,0.294873,0
Timestamp,Benchmark,Mean(ns),StdDev(ns)
1764447792,init_get_overhead,0.386235,0
1764447792,lazy_init,0.330764,0
Timestamp,Benchmark,Mean(ns),StdDev(ns)
1764455775,init_get_overhead,0.301652,0
1764455775,lazy_init,0.283421,0
Timestamp,Benchmark,Mean(ns),StdDev(ns)
1764552086,init_get_overhead,0.295891,0
1764552086,lazy_init,0.33397,0
Timestamp,Benchmark,Mean(ns),StdDev(ns)
1764568351,init_get_overhead,0.282289,0
1764568351,lazy_init,0.266986,0
Timestamp,Benchmark,Mean(ns),StdDev(ns)
1764570575,init_get_overhead,0.276481,0
1764570575,lazy_init,0.2797,0
Timestamp,Benchmark,Mean(ns),StdDev(ns)
1764571308,init_get_overhead,0.313874,0
1764571308,lazy_init,0.301938,0
Timestamp,Benchmark,Mean(ns),StdDev(ns)
1764587465,init_get_overhead,0.28006,0
1764587465,lazy_init,0.284136,0
Timestamp,Benchmark,Mean(ns),StdDev(ns)
1764588063,init_get_overhead,0.305108,0
1764588063,lazy_init,0.342424,0
Timestamp,Benchmark,Mean(ns),StdDev(ns)
1764589154,init_get_overhead,0.351579,0
1764589154,lazy_init,0.325352,0
Timestamp,Benchmark,Mean(ns),StdDev(ns)
1764609389,init_get_overhead,0.382706,0
1764609389,lazy_init,0.302545,0
