file,category,component,maturity,strengths,issues,total_lines,code_lines,comment_lines,comment_ratio,pragma_once,include_guard,nonpref_macros,macro_defines,using_namespace,todo_count,doc_name_matches,dedicated_test_cpp,direct_test_includes,direct_bench_includes,c++17_exit,c++20_exit,c++20_first,c++20_errors,c++17_errors,c++17_first,risk_category,recommended_fix,priority
tests/test_AllocationStrategies.cpp,test_cpp,AllocationStrategies,Broken/Out-of-sync,Includes FatPTest.h. | Uses RUN_TEST/TestRunner harness.,Does not use TEST_CASE macros (older style / inconsistent). | No main() (relies on external runner). | Fails to compile under both C++17 and C++20.,896,554,137,0.198,False,False,0,0,True,0,,,,,1.0,1.0,/mnt/data/fatp_py/tests/test_AllocationStrategies.cpp: In function ‘bool fat_p::testing::test_standard_allocator_basic()’:,213.0,271.0,,internal-only,Fix compilation errors; keep tests self-contained and include required headers explicitly. Migrate to FatPTest's TEST_CASE/SECTION style macros for uniform reporting and to match style guide. Add the standard conditional main() block (guarded by ENABLE_TEST_APPLICATION) or ensure the test runner provides main consistently.,P0
tests/test_ConstexprUtilities.cpp,test_cpp,ConstexprUtilities,Needs cleanup,Includes FatPTest.h. | Uses RUN_TEST/TestRunner harness.,Does not use TEST_CASE macros (older style / inconsistent). | No main() (relies on external runner). | Fails to compile under C++20 (but compiles under C++17).,1110,742,146,0.164,False,False,0,0,True,0,,,,,0.0,1.0,In file included from /mnt/data/fatp_py/tests/test_ConstexprUtilities.cpp:26:,5.0,0.0,,internal-only,Fix compilation errors; keep tests self-contained and include required headers explicitly. Migrate to FatPTest's TEST_CASE/SECTION style macros for uniform reporting and to match style guide. Add the standard conditional main() block (guarded by ENABLE_TEST_APPLICATION) or ensure the test runner provides main consistently.,P0
tests/test_CoroutineTask.cpp,test_cpp,CoroutineTask,Prototype/Experimental,Includes FatPTest.h. | Uses TEST_CASE macros. | Uses RUN_TEST/TestRunner harness.,No main() (relies on external runner). | Fails to compile under C++20 (but compiles under C++17).,568,380,64,0.144,False,False,0,0,False,0,,,,,0.0,1.0,"In file included from /mnt/data/fatp_py/fat_p/CoroutineTask.h:37,",1.0,0.0,,internal-only,Fix compilation errors; keep tests self-contained and include required headers explicitly. Add the standard conditional main() block (guarded by ENABLE_TEST_APPLICATION) or ensure the test runner provides main consistently.,P0
tests/test_EnforcedInit.cpp,test_cpp,EnforcedInit,Needs cleanup,Includes FatPTest.h. | Uses RUN_TEST/TestRunner harness.,"Does not use TEST_CASE macros (older style / inconsistent). | No main() (relies on external runner). | Verified passing runtime in tests.txt (Windows/MSVC, C++17) on 2025-12-28; matrix compile-gate note was stale. Re-run C++17/C++20 compile check.",1688,1165,222,0.16,False,False,0,0,True,0,,,,,1.0,1.0,In file included from /mnt/data/fatp_py/tests/test_EnforcedInit.cpp:15:,2.0,2.0,,internal-only,Modernize this test to use TEST_CASE macros and/or align with the common RUN_TEST/TestRunner harness. Avoid printing confusing PASS/FAIL-like lines unless part of a deliberate self-test. Re-run C++17/C++20 compile gates on the current codebase; prior 'broken' status was stale.,P1
tests/test_FatPJson.cpp,test_cpp,FatPJson,Needs cleanup,Includes FatPTest.h. | Uses TEST_CASE macros. | Uses RUN_TEST/TestRunner harness. | Provides ENABLE_TEST_APPLICATION main().,Fails to compile under C++20 (but compiles under C++17).,3106,2434,81,0.032,False,False,0,0,True,0,,,,,0.0,1.0,"In file included from /usr/include/c++/12/bits/hashtable.h:35,",2.0,0.0,,internal-only,Fix compilation errors; keep tests self-contained and include required headers explicitly.,P0
tests/test_RCU_integration.cpp,test_cpp,RCU_integration,Broken/Out-of-sync,Includes FatPTest.h. | Uses RUN_TEST/TestRunner harness.,Does not use TEST_CASE macros (older style / inconsistent). | No main() (relies on external runner). | Fails to compile under both C++17 and C++20. | Missing internal includes: TensoR.h.,281,188,40,0.175,False,False,0,0,True,0,,,,,1.0,1.0,/mnt/data/fatp_py/tests/test_RCU_integration.cpp:20:10: fatal error: TensoR.h: No such file or directory,1.0,1.0,,internal-only,Fix compilation errors; keep tests self-contained and include required headers explicitly. Migrate to FatPTest's TEST_CASE/SECTION style macros for uniform reporting and to match style guide. Add the standard conditional main() block (guarded by ENABLE_TEST_APPLICATION) or ensure the test runner provides main consistently. Add missing internal includes so the test compiles as a standalone TU.,P0
tests/test_StringPool.cpp,test_cpp,StringPool,Needs cleanup,Includes FatPTest.h. | Uses TEST_CASE macros. | Uses RUN_TEST/TestRunner harness. | Provides ENABLE_TEST_APPLICATION main().,Fails to compile under C++20 (but compiles under C++17).,1109,813,56,0.064,False,False,0,0,False,0,,,,,0.0,1.0,/mnt/data/fatp_py/tests/test_StringPool.cpp: In function ‘bool fat_p::testing::stringpool::test_utf8_strings()’:,10.0,0.0,,internal-only,Fix compilation errors; keep tests self-contained and include required headers explicitly.,P0
tests/test_include_all_headers.cpp,test_cpp,include_all_headers,Prototype/Experimental,Includes FatPTest.h. | Provides ENABLE_TEST_APPLICATION main().,Does not use TEST_CASE macros (older style / inconsistent). | Missing standard RUN_TEST/TestRunner harness (may not integrate cleanly). | Fails to compile under C++20 (but compiles under C++17).,123,113,8,0.066,False,False,0,0,False,0,,,,,0.0,1.0,In file included from /mnt/data/fatp_py/tests/test_include_all_headers.cpp:39:,6061.0,0.0,,internal-only,Fix compilation errors; keep tests self-contained and include required headers explicitly. Migrate to FatPTest's TEST_CASE/SECTION style macros for uniform reporting and to match style guide.,P0
fat_p/CheckedArithmeticPolicies.h,library_header,CheckedArithmeticPolicies,Needs cleanup,Has #pragma once.,"Defines 10 non-FATP_ macros (leaks macros): ENABLE_IF_INTEGRAL, ENABLE_IF_FLOATING, ENABLE_IF_ARITHMETIC, ENABLE_IF_INTEGRAL, ENABLE_IF_FLOATING, ENABLE_IF_ARITHMETIC, HAS_BUILTIN_OVERFLOW, HAS_BUILTIN_OVERFLOW.... | No doc file name matches this component (docs may exist elsewhere). | No dedicated test_*.cpp (likely tested indirectly or grouped).",355,95,215,0.694,True,False,10,10,False,0,0.0,0.0,1.0,0.0,,,,,,,API risk,Replace non-prefixed enable-if / builtin-detection macros with FATP_* names or constexpr traits; keep macro usage internal to implementation; add/extend unit tests for policy selection paths.,P1
fat_p/DebugOnly.h,library_header,DebugOnly,Needs cleanup,Docs exist (name match count=2). | Has a dedicated test_*.cpp.,"Uses include guard instead of #pragma once (guideline mismatch). | Defines 6 non-FATP_ macros (leaks macros): DEBUG_ONLY_EXEC, DEBUG_ONLY_EXEC, DEBUG_ONLY_INCREMENT, DEBUG_ONLY_INCREMENT, DEBUG_ONLY_LOG, DEBUG_ONLY_LOG. | C++20 include-all test reports template redeclaration issues (may be cascade after earlier error).",637,423,101,0.193,False,True,6,7,False,0,2.0,1.0,2.0,0.0,,,,,,,API risk,Align with header hygiene rules: prefer #pragma once or ensure include guard matches project conventions. Confirm no macro leakage and include-order safety.,P1
fat_p/DiagnosticLogger_Core.h,library_header,DiagnosticLogger_Core,Needs cleanup,Has #pragma once. | Has a dedicated test_*.cpp.,"Defines 25 non-FATP_ macros (leaks macros): LIKELY, UNLIKELY, LIKELY, UNLIKELY, FORCE_INLINE, FORCE_INLINE, FORCE_INLINE, NO_INLINE.... | No doc file name matches this component (docs may exist elsewhere). | C++20 include-all test reports missing LogLevel/SourceLocation types (may be cascade after earlier error).",990,608,278,0.314,True,True,25,26,False,0,0.0,1.0,2.0,0.0,,,,,,,API risk,"Make the header self-contained: include/define LogLevel and SourceLocation (or include the correct header), and prefix or gate all logging macros (LOG_INFO, LOG_DEBUG, etc.) to avoid macro pollution.",P1
fat_p/FatPBenchmarkRunner.h,library_header,FatPBenchmarkRunner,Needs cleanup,Has #pragma once. | Has a dedicated test_*.cpp.,"Defines 2 non-FATP_ macros (leaks macros): NOMINMAX, WIN32_LEAN_AND_MEAN. | Contains `using namespace ...;` (namespace pollution). | No doc file name matches this component (docs may exist elsewhere).",2465,1516,633,0.295,True,True,2,4,True,0,0.0,1.0,2.0,1.0,,,,,,,API risk,"Ensure benchmark harness is the single source of truth; avoid duplicate headers (e.g., FatPBenchmarkUtils) and make configuration via FATP_BENCH_* consistent across benchmarks.",P1
fat_p/FatPJson.h,library_header,FatPJson,Needs cleanup,Has #pragma once. | Docs exist (name match count=2). | Has a dedicated test_*.cpp.,Defines 1 non-FATP_ macros (leaks macros): USING_FATP_JSON. | C++20 build fails due to StringPool generic-unordered-lookup equality predicate constraints (via StringPool.h).,1414,872,408,0.319,True,False,1,3,False,0,2.0,1.0,2.0,0.0,,,,,,,API risk,Ensure JSON API headers are self-contained and do not rely on JsonLite macro state; unify macro namespace and provide opt-in short macros only.,P1
fat_p/FatPTest.h,library_header,FatPTest,Needs cleanup,Has #pragma once. | Docs exist (name match count=2). | Has a dedicated test_*.cpp.,"Defines 34 non-FATP_ macros (leaks macros): WIN32_LEAN_AND_MEAN, SIMPLE_ASSERT, ASSERT_WITH_HANDLER, ASSERT_EQ, ASSERT_NE, ASSERT_LT, ASSERT_LE, ASSERT_GT....",3817,2577,866,0.252,True,True,34,36,False,0,2.0,1.0,86.0,1.0,,,,,,,API risk,"Treat test framework as internal: move under a testing/ namespace or ensure it is not installed as a public header. Prefix test macros (ASSERT_*, TEST_CASE, etc.) or provide an opt-in for short names; avoid leaking macros into user builds.",P1
fat_p/JsonLite.h,library_header,JsonLite,Prototype/Experimental,Has #pragma once. | Docs exist (name match count=4). | Has a dedicated test_*.cpp.,"Defines 67 non-FATP_ macros (leaks macros): JSON_LOCUS, json_enforce, USING_JSON_LITE, JSONLITE_CONVENIENCE_USINGS, CPP_JSON_EXPAND, CPP_JSON_ARG_COUNT_IMPL, CPP_JSON_ARG_COUNT, CPP_JSON_CAT.... | Contains `using namespace ...;` (namespace pollution).",4437,2430,1690,0.41,True,False,67,67,True,1,4.0,1.0,3.0,0.0,,,,,,,API risk,"Remove any 'using namespace' from the header; qualify names. Replace unprefixed JSON/CBOR/MP/etc macros with FATP_* prefixed macros, or hide short macro names behind an opt-in define. Ensure the header is include-order safe (include-all test).",P1
fat_p/Reflection.h,library_header,Reflection,Needs cleanup,Has #pragma once. | Has a dedicated test_*.cpp.,"Defines 51 non-FATP_ macros (leaks macros): EXPAND, EXPAND1, EXPAND2, EXPAND3, EXPAND, EXPAND1, EXPAND2, EXPAND3.... | No doc file name matches this component (docs may exist elsewhere).",611,377,108,0.223,True,False,51,54,False,0,0.0,1.0,2.0,0.0,,,,,,,API risk,Reduce macro footprint: prefix macros or gate them behind opt-in; consider constexpr/template-based reflection helpers where possible. Add dedicated tests and documentation.,P1
fat_p/enforce.h,library_header,enforce,Needs cleanup,Has #pragma once. | Docs exist (name match count=2).,"Defines 87 non-FATP_ macros (leaks macros): enforce, enforce, always_enforce, enforce_warn, noexcept_enforce, abort_enforce, enforce_expected, always_enforce_expected.... | No dedicated test_*.cpp (likely tested indirectly or grouped).",788,572,114,0.166,True,True,87,90,False,0,2.0,0.0,2.0,0.0,,,,,,,API risk,Macro hygiene pass: remove/rename non-prefixed contract macros; provide FATP_ENFORCE-style names and keep legacy aliases behind an opt-in compatibility switch. Prefer inline functions/templates for type safety and avoid macro interactions with C++20 keywords.,P1
fat_p/enforce_contextual.h,library_header,enforce_contextual,Needs cleanup,Has #pragma once.,"Defines 65 non-FATP_ macros (leaks macros): contextual_enforce, contextual_enforce_invalid_arg, contextual_enforce_1, contextual_enforce_2, contextual_enforce_3, contextual_enforce_4, contextual_enforce_5, contextual_abort.... | No doc file name matches this component (docs may exist elsewhere). | No dedicated test_*.cpp (likely tested indirectly or grouped).",397,298,45,0.131,True,True,65,72,False,0,0.0,0.0,2.0,0.0,,,,,,,API risk,Prefix or gate all non-FATP_ macros (opt-in short names only); avoid macro leakage in public headers. Add a dedicated unit test TU for this header and ensure it runs under both C++17 and C++20 where applicable.,P1
benchmarks/benchmark_EqualityComparisonsAny.cpp,benchmark_cpp,benchmark_EqualityComparisonsAny,Needs cleanup,Uses FatPBenchmarkUtils (shared helpers). | Uses FATP_BENCH_* env vars (count=8).,,900,725,59,0.075,False,True,1,2,False,0,,,,,0.0,0.0,"In file included from /mnt/data/fatp_py/fat_p/FatPBenchmarkUtils.h:16,",,,,internal-only,"Align benchmark with benchmark style guide: deterministic seeding, stable CPU wait, randomized order, clear outputs.",P2
benchmarks/benchmark_FatPHashMap.cpp,benchmark_cpp,benchmark_FatPHashMap,Production-ready,Uses FatPBenchmarkUtils (shared helpers). | Optional competitor includes gated by __has_include (missing locally: 8).,No FATP_BENCH_* env vars found (less configurable). | Verified executed in benchmarks.txt on 2025-12-28 (Windows). Suite reports round-robin architecture + CPU stabilization + competitor libs (absl/boost/llvm).,3337,2609,268,0.093,False,True,12,14,False,0,,,,,0.0,0.0,"In file included from /mnt/data/fatp_py/fat_p/FatPBenchmarkUtils.h:16,",,,,internal-only,No urgent functional changes. For more trustworthy perf results: (1) ensure CPU 'stability detection' thresholds are enforced consistently with reporting (log shows a >=60% criterion but a later 'stable at 55%' message); (2) document/standardize env-var overrides for warmup/measured/seed/cooling; (3) add a CI perf-smoke mode (fixed governor / pinned cores) to catch regressions without overfitting.,P2
benchmarks/benchmark_FlatMapSet.cpp,benchmark_cpp,benchmark_FlatMapSet,Production-ready,Uses FatPBenchmarkUtils (shared helpers). | Optional competitor includes gated by __has_include (missing locally: 5).,"No FATP_BENCH_* env vars found (less configurable). | Verified executed in benchmarks.txt on 2025-12-28 (Windows). Uses BenchmarkScope; randomized per-run order; compares vs std::map/std::set, boost::flat_{map,set}, absl::btree_{map,set}.",2668,2078,209,0.091,False,True,12,13,False,0,,,,,0.0,0.0,"In file included from /mnt/data/fatp_py/fat_p/FatPBenchmarkUtils.h:16,",,,,internal-only,No urgent functional changes. For more trustworthy perf results: (1) ensure CPU 'stability detection' thresholds are enforced consistently with reporting (log shows a >=60% criterion but a later 'stable at 55%' message); (2) document/standardize env-var overrides for warmup/measured/seed/cooling; (3) add a CI perf-smoke mode (fixed governor / pinned cores) to catch regressions without overfitting.,P2
benchmarks/benchmark_FlatMapSetXCXX.cpp,benchmark_cpp,benchmark_FlatMapSetXCXX,Production-ready,Uses FatPBenchmarkUtils (shared helpers). | Optional competitor includes gated by __has_include (missing locally: 5).,"No FATP_BENCH_* env vars found (less configurable). | Verified executed in benchmarks.txt on 2025-12-28 (Windows). Uses BenchmarkScope; randomized per-run order; compares vs std::map/std::set, boost::flat_{map,set}, absl::btree_{map,set}.",2443,1896,202,0.096,False,True,12,13,False,0,,,,,0.0,0.0,"In file included from /mnt/data/fatp_py/fat_p/FatPBenchmarkUtils.h:16,",,,,internal-only,No urgent functional changes. For more trustworthy perf results: (1) ensure CPU 'stability detection' thresholds are enforced consistently with reporting (log shows a >=60% criterion but a later 'stable at 55%' message); (2) document/standardize env-var overrides for warmup/measured/seed/cooling; (3) add a CI perf-smoke mode (fixed governor / pinned cores) to catch regressions without overfitting.,P2
benchmarks/benchmark_FloatingPointComparison.cpp,benchmark_cpp,benchmark_FloatingPointComparison,Production-ready,Uses FATP_BENCH_* env vars (count=3).,Verified executed in benchmarks.txt on 2025-12-28 (Windows). Runs under BenchmarkScope; reports warmup/measured/seed; compares policy overhead vs manual baseline.,587,446,54,0.108,False,False,0,2,False,0,,,,,0.0,0.0,,,,,internal-only,No urgent functional changes. For more trustworthy perf results: (1) ensure CPU 'stability detection' thresholds are enforced consistently with reporting (log shows a >=60% criterion but a later 'stable at 55%' message); (2) document/standardize env-var overrides for warmup/measured/seed/cooling; (3) add a CI perf-smoke mode (fixed governor / pinned cores) to catch regressions without overfitting.,P2
benchmarks/benchmark_SlotMap.cpp,benchmark_cpp,benchmark_SlotMap,Production-ready,Uses FatPBenchmarkUtils (shared helpers). | Optional competitor includes gated by __has_include (missing locally: 7).,No FATP_BENCH_* env vars found (less configurable). | Verified executed in benchmarks.txt on 2025-12-28 (Windows). Runs under BenchmarkScope; library detection + baselines; reports mixed workload scaling across N.,2503,1993,186,0.085,False,True,13,14,False,0,,,,,0.0,0.0,"In file included from /mnt/data/fatp_py/fat_p/FatPBenchmarkUtils.h:16,",,,,internal-only,No urgent functional changes. For more trustworthy perf results: (1) ensure CPU 'stability detection' thresholds are enforced consistently with reporting (log shows a >=60% criterion but a later 'stable at 55%' message); (2) document/standardize env-var overrides for warmup/measured/seed/cooling; (3) add a CI perf-smoke mode (fixed governor / pinned cores) to catch regressions without overfitting.,P2
benchmarks/benchmark_SmallVector.cpp,benchmark_cpp,benchmark_SmallVector,Production-ready,Uses FatPBenchmarkUtils (shared helpers). | Optional competitor includes gated by __has_include (missing locally: 2).,No FATP_BENCH_* env vars found (less configurable). | Verified executed in benchmarks.txt on 2025-12-28 (Windows). Reports allocation counts + insert/erase microbenchmarks; compares vs std::vector (and boost when available).,1347,1006,125,0.111,False,True,6,7,False,0,,,,,0.0,0.0,"In file included from /mnt/data/fatp_py/fat_p/FatPBenchmarkUtils.h:16,",,,,internal-only,No urgent functional changes. For more trustworthy perf results: (1) ensure CPU 'stability detection' thresholds are enforced consistently with reporting (log shows a >=60% criterion but a later 'stable at 55%' message); (2) document/standardize env-var overrides for warmup/measured/seed/cooling; (3) add a CI perf-smoke mode (fixed governor / pinned cores) to catch regressions without overfitting.,P2
tests/test_AdaptiveIterator.cpp,test_cpp,AdaptiveIterator,Needs cleanup,Includes FatPTest.h. | Uses RUN_TEST/TestRunner harness.,Does not use TEST_CASE macros (older style / inconsistent). | No main() (relies on external runner).,669,425,81,0.16,False,False,0,0,False,0,,,,,,0.0,,0.0,,,internal-only,Migrate to FatPTest's TEST_CASE/SECTION style macros for uniform reporting and to match style guide. Add the standard conditional main() block (guarded by ENABLE_TEST_APPLICATION) or ensure the test runner provides main consistently.,P2
tests/test_AsyncOperations.cpp,test_cpp,AsyncOperations,Needs cleanup,Includes FatPTest.h. | Uses RUN_TEST/TestRunner harness.,Does not use TEST_CASE macros (older style / inconsistent). | No main() (relies on external runner).,160,119,4,0.033,False,False,0,0,False,0,,,,,,0.0,,0.0,,,internal-only,Migrate to FatPTest's TEST_CASE/SECTION style macros for uniform reporting and to match style guide. Add the standard conditional main() block (guarded by ENABLE_TEST_APPLICATION) or ensure the test runner provides main consistently.,P2
tests/test_CacheUtilities.cpp,test_cpp,CacheUtilities,Needs cleanup,Includes FatPTest.h. | Uses RUN_TEST/TestRunner harness.,Does not use TEST_CASE macros (older style / inconsistent). | No main() (relies on external runner).,714,431,104,0.194,False,False,0,0,True,0,,,,,,0.0,,0.0,,,internal-only,Migrate to FatPTest's TEST_CASE/SECTION style macros for uniform reporting and to match style guide. Add the standard conditional main() block (guarded by ENABLE_TEST_APPLICATION) or ensure the test runner provides main consistently.,P2
tests/test_CircularBuffer.cpp,test_cpp,CircularBuffer,Needs cleanup,Includes FatPTest.h. | Uses RUN_TEST/TestRunner harness. | Provides ENABLE_TEST_APPLICATION main().,Does not use TEST_CASE macros (older style / inconsistent).,659,517,12,0.023,False,False,0,0,False,0,,,,,,0.0,,0.0,,,internal-only,Migrate to FatPTest's TEST_CASE/SECTION style macros for uniform reporting and to match style guide.,P2
tests/test_ConcurrencyPolicies.cpp,test_cpp,ConcurrencyPolicies,Needs cleanup,Includes FatPTest.h. | Uses RUN_TEST/TestRunner harness.,Does not use TEST_CASE macros (older style / inconsistent). | No main() (relies on external runner).,1355,1043,73,0.065,False,False,0,0,True,0,,,,,,0.0,,0.0,,,internal-only,Migrate to FatPTest's TEST_CASE/SECTION style macros for uniform reporting and to match style guide. Add the standard conditional main() block (guarded by ENABLE_TEST_APPLICATION) or ensure the test runner provides main consistently.,P2
tests/test_DiagnosticLogger_Core.cpp,test_cpp,DiagnosticLogger_Core,Needs cleanup,Includes FatPTest.h. | Uses RUN_TEST/TestRunner harness. | Provides ENABLE_TEST_APPLICATION main().,Does not use TEST_CASE macros (older style / inconsistent).,1310,966,28,0.028,False,False,0,0,True,0,,,,,,0.0,,0.0,,,internal-only,Migrate to FatPTest's TEST_CASE/SECTION style macros for uniform reporting and to match style guide.,P2
tests/test_DiagnosticLogger_IO.cpp,test_cpp,DiagnosticLogger_IO,Needs cleanup,Includes FatPTest.h. | Uses RUN_TEST/TestRunner harness. | Provides ENABLE_TEST_APPLICATION main().,Does not use TEST_CASE macros (older style / inconsistent).,905,723,0,0.0,False,False,0,0,True,0,,,,,,0.0,"In file included from /mnt/data/fatp_py/fat_p/DiagnosticLogger_IO.h:23,",0.0,,,internal-only,Migrate to FatPTest's TEST_CASE/SECTION style macros for uniform reporting and to match style guide.,P2
tests/test_DiagnosticLogger_Json.cpp,test_cpp,DiagnosticLogger_Json,Needs cleanup,Includes FatPTest.h. | Uses RUN_TEST/TestRunner harness. | Provides ENABLE_TEST_APPLICATION main().,Does not use TEST_CASE macros (older style / inconsistent).,601,423,40,0.086,False,False,0,0,True,0,,,,,,0.0,,0.0,,,internal-only,Migrate to FatPTest's TEST_CASE/SECTION style macros for uniform reporting and to match style guide.,P2
tests/test_DiagnosticLogger_ScopeGuard.cpp,test_cpp,DiagnosticLogger_ScopeGuard,Needs cleanup,Includes FatPTest.h. | Uses RUN_TEST/TestRunner harness. | Provides ENABLE_TEST_APPLICATION main().,Does not use TEST_CASE macros (older style / inconsistent).,529,331,94,0.221,False,False,0,0,True,0,,,,,,0.0,"In file included from /mnt/data/fatp_py/fat_p/DiagnosticLogger_IO.h:23,",0.0,,,internal-only,Migrate to FatPTest's TEST_CASE/SECTION style macros for uniform reporting and to match style guide.,P2
tests/test_Enforce.cpp,test_cpp,Enforce,Needs cleanup,Includes FatPTest.h. | Uses RUN_TEST/TestRunner harness.,Does not use TEST_CASE macros (older style / inconsistent). | No main() (relies on external runner).,1814,1282,200,0.135,False,False,0,0,True,0,,,,,,0.0,,0.0,,,internal-only,Migrate to FatPTest's TEST_CASE/SECTION style macros for uniform reporting and to match style guide. Add the standard conditional main() block (guarded by ENABLE_TEST_APPLICATION) or ensure the test runner provides main consistently.,P2
tests/test_EnhancedBoundsChecking.cpp,test_cpp,EnhancedBoundsChecking,Needs cleanup,Includes FatPTest.h. | Uses RUN_TEST/TestRunner harness.,Does not use TEST_CASE macros (older style / inconsistent). | No main() (relies on external runner).,360,252,51,0.168,False,False,0,0,False,0,,,,,,0.0,,0.0,,,internal-only,Migrate to FatPTest's TEST_CASE/SECTION style macros for uniform reporting and to match style guide. Add the standard conditional main() block (guarded by ENABLE_TEST_APPLICATION) or ensure the test runner provides main consistently.,P2
tests/test_EnumPlus.cpp,test_cpp,EnumPlus,Needs cleanup,Includes FatPTest.h. | Uses RUN_TEST/TestRunner harness. | Provides ENABLE_TEST_APPLICATION main().,Does not use TEST_CASE macros (older style / inconsistent).,969,785,12,0.015,False,False,0,0,True,0,,,,,,0.0,,0.0,,,internal-only,Migrate to FatPTest's TEST_CASE/SECTION style macros for uniform reporting and to match style guide.,P2
tests/test_Expected.cpp,test_cpp,Expected,Needs cleanup,Includes FatPTest.h. | Uses RUN_TEST/TestRunner harness. | Provides ENABLE_TEST_APPLICATION main().,Does not use TEST_CASE macros (older style / inconsistent).,851,660,15,0.022,False,False,0,0,False,0,,,,,,0.0,,0.0,,,internal-only,Migrate to FatPTest's TEST_CASE/SECTION style macros for uniform reporting and to match style guide.,P2
tests/test_FatPTest.cpp,test_cpp,FatPTest,Needs cleanup,Includes FatPTest.h. | Uses RUN_TEST/TestRunner harness. | Provides ENABLE_TEST_APPLICATION main().,Does not use TEST_CASE macros (older style / inconsistent).,854,669,20,0.029,False,False,2,2,False,0,,,,,,0.0,/mnt/data/fatp_py/tests/test_FatPTest.cpp: In lambda function:,0.0,,,internal-only,Migrate to FatPTest's TEST_CASE/SECTION style macros for uniform reporting and to match style guide.,P2
tests/test_FatPTypeTraits.cpp,test_cpp,FatPTypeTraits,Needs cleanup,Includes FatPTest.h. | Uses RUN_TEST/TestRunner harness. | Provides ENABLE_TEST_APPLICATION main().,Does not use TEST_CASE macros (older style / inconsistent).,1050,873,7,0.008,False,False,0,0,False,0,,,,,,0.0,,0.0,,,internal-only,Migrate to FatPTest's TEST_CASE/SECTION style macros for uniform reporting and to match style guide.,P2
tests/test_HpcVector.cpp,test_cpp,HpcVector,Needs cleanup,Includes FatPTest.h. | Uses RUN_TEST/TestRunner harness. | Provides ENABLE_TEST_APPLICATION main().,Does not use TEST_CASE macros (older style / inconsistent).,552,371,72,0.163,False,False,0,0,False,0,,,,,,0.0,,0.0,,,internal-only,Migrate to FatPTest's TEST_CASE/SECTION style macros for uniform reporting and to match style guide.,P2
tests/test_IntrusiveList.cpp,test_cpp,IntrusiveList,Needs cleanup,Includes FatPTest.h. | Uses RUN_TEST/TestRunner harness.,Does not use TEST_CASE macros (older style / inconsistent). | No main() (relies on external runner).,404,286,14,0.047,False,False,0,0,True,0,,,,,,0.0,,0.0,,,internal-only,Migrate to FatPTest's TEST_CASE/SECTION style macros for uniform reporting and to match style guide. Add the standard conditional main() block (guarded by ENABLE_TEST_APPLICATION) or ensure the test runner provides main consistently.,P2
tests/test_LockFreeQueue.cpp,test_cpp,LockFreeQueue,Needs cleanup,Includes FatPTest.h. | Uses RUN_TEST/TestRunner harness.,Does not use TEST_CASE macros (older style / inconsistent). | No main() (relies on external runner).,245,166,22,0.117,False,False,0,0,False,0,,,,,,0.0,In file included from /mnt/data/fatp_py/tests/test_LockFreeQueue.cpp:11:,0.0,,,internal-only,Migrate to FatPTest's TEST_CASE/SECTION style macros for uniform reporting and to match style guide. Add the standard conditional main() block (guarded by ENABLE_TEST_APPLICATION) or ensure the test runner provides main consistently.,P2
tests/test_LockFreeRingBuffer.cpp,test_cpp,LockFreeRingBuffer,Needs cleanup,Includes FatPTest.h. | Uses RUN_TEST/TestRunner harness.,Does not use TEST_CASE macros (older style / inconsistent). | No main() (relies on external runner).,202,140,9,0.06,False,False,0,0,False,0,,,,,,0.0,,0.0,,,internal-only,Migrate to FatPTest's TEST_CASE/SECTION style macros for uniform reporting and to match style guide. Add the standard conditional main() block (guarded by ENABLE_TEST_APPLICATION) or ensure the test runner provides main consistently.,P2
tests/test_MemoryMappedFile.cpp,test_cpp,MemoryMappedFile,Needs cleanup,Includes FatPTest.h. | Uses RUN_TEST/TestRunner harness.,Does not use TEST_CASE macros (older style / inconsistent). | No main() (relies on external runner).,278,200,12,0.057,False,False,1,1,False,0,,,,,,0.0,,0.0,,,internal-only,Migrate to FatPTest's TEST_CASE/SECTION style macros for uniform reporting and to match style guide. Add the standard conditional main() block (guarded by ENABLE_TEST_APPLICATION) or ensure the test runner provides main consistently.,P2
tests/test_ObjectPool.cpp,test_cpp,ObjectPool,Needs cleanup,Includes FatPTest.h. | Uses RUN_TEST/TestRunner harness.,Does not use TEST_CASE macros (older style / inconsistent). | No main() (relies on external runner).,732,467,80,0.146,False,False,0,0,False,0,,,,,,0.0,,0.0,,,internal-only,Migrate to FatPTest's TEST_CASE/SECTION style macros for uniform reporting and to match style guide. Add the standard conditional main() block (guarded by ENABLE_TEST_APPLICATION) or ensure the test runner provides main consistently.,P2
tests/test_PipeOperator.cpp,test_cpp,PipeOperator,Needs cleanup,Includes FatPTest.h. | Uses RUN_TEST/TestRunner harness.,Does not use TEST_CASE macros (older style / inconsistent). | No main() (relies on external runner).,251,175,11,0.059,False,False,0,0,False,0,,,,,,0.0,,0.0,,,internal-only,Migrate to FatPTest's TEST_CASE/SECTION style macros for uniform reporting and to match style guide. Add the standard conditional main() block (guarded by ENABLE_TEST_APPLICATION) or ensure the test runner provides main consistently.,P2
tests/test_RateLimiter.cpp,test_cpp,RateLimiter,Needs cleanup,Includes FatPTest.h. | Uses RUN_TEST/TestRunner harness.,Does not use TEST_CASE macros (older style / inconsistent). | No main() (relies on external runner).,120,72,15,0.172,False,False,0,0,False,0,,,,,,0.0,,0.0,,,internal-only,Migrate to FatPTest's TEST_CASE/SECTION style macros for uniform reporting and to match style guide. Add the standard conditional main() block (guarded by ENABLE_TEST_APPLICATION) or ensure the test runner provides main consistently.,P2
tests/test_Reflection.cpp,test_cpp,Reflection,Needs cleanup,Includes FatPTest.h. | Uses RUN_TEST/TestRunner harness.,Does not use TEST_CASE macros (older style / inconsistent). | No main() (relies on external runner).,461,316,39,0.11,False,False,0,0,True,0,,,,,,0.0,,0.0,,,internal-only,Migrate to FatPTest's TEST_CASE/SECTION style macros for uniform reporting and to match style guide. Add the standard conditional main() block (guarded by ENABLE_TEST_APPLICATION) or ensure the test runner provides main consistently.,P2
tests/test_ScopeGuard.cpp,test_cpp,ScopeGuard,Needs cleanup,Includes FatPTest.h. | Uses RUN_TEST/TestRunner harness.,Does not use TEST_CASE macros (older style / inconsistent). | No main() (relies on external runner).,1311,899,157,0.149,False,False,0,0,True,0,,,,,,0.0,,0.0,,,internal-only,Migrate to FatPTest's TEST_CASE/SECTION style macros for uniform reporting and to match style guide. Add the standard conditional main() block (guarded by ENABLE_TEST_APPLICATION) or ensure the test runner provides main consistently.,P2
tests/test_ScopeGuardExpected.cpp,test_cpp,ScopeGuardExpected,Needs cleanup,Includes FatPTest.h. | Uses RUN_TEST/TestRunner harness.,Does not use TEST_CASE macros (older style / inconsistent). | No main() (relies on external runner).,534,366,65,0.151,False,False,0,0,True,0,,,,,,0.0,,0.0,,,internal-only,Migrate to FatPTest's TEST_CASE/SECTION style macros for uniform reporting and to match style guide. Add the standard conditional main() block (guarded by ENABLE_TEST_APPLICATION) or ensure the test runner provides main consistently.,P2
tests/test_Signal.cpp,test_cpp,Signal,Needs cleanup,Includes FatPTest.h. | Uses RUN_TEST/TestRunner harness. | Provides ENABLE_TEST_APPLICATION main().,Does not use TEST_CASE macros (older style / inconsistent).,890,681,0,0.0,False,False,0,0,False,0,,,,,,0.0,,0.0,,,internal-only,Migrate to FatPTest's TEST_CASE/SECTION style macros for uniform reporting and to match style guide.,P2
tests/test_SmallVector.cpp,test_cpp,SmallVector,Needs cleanup,Includes FatPTest.h. | Uses RUN_TEST/TestRunner harness. | Provides ENABLE_TEST_APPLICATION main().,Does not use TEST_CASE macros (older style / inconsistent). | Contains TODO/FIXME markers (1).,2268,1728,127,0.068,False,False,0,0,False,1,,,,,,0.0,,0.0,,,internal-only,Migrate to FatPTest's TEST_CASE/SECTION style macros for uniform reporting and to match style guide.,P2
tests/test_SparseSet.cpp,test_cpp,SparseSet,Needs cleanup,Includes FatPTest.h. | Uses RUN_TEST/TestRunner harness.,Does not use TEST_CASE macros (older style / inconsistent). | No main() (relies on external runner).,137,97,4,0.04,False,False,0,0,False,0,,,,,,0.0,,0.0,,,internal-only,Migrate to FatPTest's TEST_CASE/SECTION style macros for uniform reporting and to match style guide. Add the standard conditional main() block (guarded by ENABLE_TEST_APPLICATION) or ensure the test runner provides main consistently.,P2
tests/test_Stacktrace.cpp,test_cpp,Stacktrace,Needs cleanup,Includes FatPTest.h. | Uses RUN_TEST/TestRunner harness.,Does not use TEST_CASE macros (older style / inconsistent). | No main() (relies on external runner).,76,51,2,0.038,False,False,0,0,False,0,,,,,,0.0,,0.0,,,internal-only,Migrate to FatPTest's TEST_CASE/SECTION style macros for uniform reporting and to match style guide. Add the standard conditional main() block (guarded by ENABLE_TEST_APPLICATION) or ensure the test runner provides main consistently.,P2
tests/test_StateMachine.cpp,test_cpp,StateMachine,Needs cleanup,Includes FatPTest.h. | Uses RUN_TEST/TestRunner harness.,Does not use TEST_CASE macros (older style / inconsistent). | No main() (relies on external runner).,1078,705,116,0.141,False,False,0,0,True,0,,,,,,0.0,,0.0,,,internal-only,Migrate to FatPTest's TEST_CASE/SECTION style macros for uniform reporting and to match style guide. Add the standard conditional main() block (guarded by ENABLE_TEST_APPLICATION) or ensure the test runner provides main consistently.,P2
tests/test_Stringify.cpp,test_cpp,Stringify,Needs cleanup,Includes FatPTest.h. | Uses RUN_TEST/TestRunner harness. | Provides ENABLE_TEST_APPLICATION main().,Does not use TEST_CASE macros (older style / inconsistent).,1397,909,179,0.165,False,False,0,0,True,0,,,,,,0.0,,0.0,,,internal-only,Migrate to FatPTest's TEST_CASE/SECTION style macros for uniform reporting and to match style guide.,P2
tests/test_TensorEinsum.cpp,test_cpp,TensorEinsum,Needs cleanup,Includes FatPTest.h. | Uses RUN_TEST/TestRunner harness.,Does not use TEST_CASE macros (older style / inconsistent). | No main() (relies on external runner).,373,197,79,0.286,False,False,0,0,False,0,,,,,,0.0,,0.0,,,internal-only,Migrate to FatPTest's TEST_CASE/SECTION style macros for uniform reporting and to match style guide. Add the standard conditional main() block (guarded by ENABLE_TEST_APPLICATION) or ensure the test runner provides main consistently.,P2
tests/test_TensorStorage.cpp,test_cpp,TensorStorage,Needs cleanup,Includes FatPTest.h. | Uses RUN_TEST/TestRunner harness.,Does not use TEST_CASE macros (older style / inconsistent). | No main() (relies on external runner).,339,219,39,0.151,False,False,0,0,False,0,,,,,,0.0,,0.0,,,internal-only,Migrate to FatPTest's TEST_CASE/SECTION style macros for uniform reporting and to match style guide. Add the standard conditional main() block (guarded by ENABLE_TEST_APPLICATION) or ensure the test runner provides main consistently.,P2
tests/test_TypeTraits.cpp,test_cpp,TypeTraits,Needs cleanup,Includes FatPTest.h. | Uses RUN_TEST/TestRunner harness. | Provides ENABLE_TEST_APPLICATION main().,Does not use TEST_CASE macros (older style / inconsistent).,901,788,22,0.027,False,False,0,0,True,0,,,,,,0.0,,0.0,,,internal-only,Migrate to FatPTest's TEST_CASE/SECTION style macros for uniform reporting and to match style guide.,P2
tests/test_ValueGuard.cpp,test_cpp,ValueGuard,Needs cleanup,Includes FatPTest.h. | Uses RUN_TEST/TestRunner harness. | Provides ENABLE_TEST_APPLICATION main().,Does not use TEST_CASE macros (older style / inconsistent).,1313,849,181,0.176,False,False,0,0,True,0,,,,,,0.0,,0.0,,,internal-only,Migrate to FatPTest's TEST_CASE/SECTION style macros for uniform reporting and to match style guide.,P2
tests/test_AdaptiveIterator.h,test_header,AdaptiveIterator,Needs cleanup,Has #pragma once. | Declares bool test_*() entrypoint.,Missing ENABLE_TEST_APPLICATION conditional guard (style guide mismatch).,9,5,1,0.167,True,False,0,0,False,0,,,,,,,,,,,internal-only,"Wrap test-header contents behind the standard test-build guard (e.g., ENABLE_TEST_APPLICATION) so headers cannot be accidentally included in non-test builds; ensure guard is consistent across all test headers.",P2
tests/test_AllocationStrategies.h,test_header,AllocationStrategies,Needs cleanup,Has #pragma once. | Declares bool test_*() entrypoint.,Missing ENABLE_TEST_APPLICATION conditional guard (style guide mismatch).,8,5,0,0.0,True,False,0,0,False,0,,,,,,,,,,,internal-only,"Wrap test-header contents behind the standard test-build guard (e.g., ENABLE_TEST_APPLICATION) so headers cannot be accidentally included in non-test builds; ensure guard is consistent across all test headers.",P2
tests/test_AsyncOperations.h,test_header,AsyncOperations,Needs cleanup,Has #pragma once. | Declares bool test_*() entrypoint.,Missing ENABLE_TEST_APPLICATION conditional guard (style guide mismatch).,8,5,0,0.0,True,False,0,0,False,0,,,,,,,,,,,internal-only,"Wrap test-header contents behind the standard test-build guard (e.g., ENABLE_TEST_APPLICATION) so headers cannot be accidentally included in non-test builds; ensure guard is consistent across all test headers.",P2
tests/test_CSRMatrix.h,test_header,CSRMatrix,Needs cleanup,Has #pragma once. | Declares bool test_*() entrypoint.,Missing ENABLE_TEST_APPLICATION conditional guard (style guide mismatch).,8,5,0,0.0,True,False,0,0,False,0,,,,,,,,,,,internal-only,"Wrap test-header contents behind the standard test-build guard (e.g., ENABLE_TEST_APPLICATION) so headers cannot be accidentally included in non-test builds; ensure guard is consistent across all test headers.",P2
tests/test_CacheUtilities.h,test_header,CacheUtilities,Needs cleanup,Has #pragma once. | Declares bool test_*() entrypoint.,Missing ENABLE_TEST_APPLICATION conditional guard (style guide mismatch).,8,5,0,0.0,True,False,0,0,False,0,,,,,,,,,,,internal-only,"Wrap test-header contents behind the standard test-build guard (e.g., ENABLE_TEST_APPLICATION) so headers cannot be accidentally included in non-test builds; ensure guard is consistent across all test headers.",P2
tests/test_ConcurrencyPolicies.h,test_header,ConcurrencyPolicies,Needs cleanup,Has #pragma once. | Declares bool test_*() entrypoint.,Missing ENABLE_TEST_APPLICATION conditional guard (style guide mismatch).,8,5,0,0.0,True,False,0,0,False,0,,,,,,,,,,,internal-only,"Wrap test-header contents behind the standard test-build guard (e.g., ENABLE_TEST_APPLICATION) so headers cannot be accidentally included in non-test builds; ensure guard is consistent across all test headers.",P2
tests/test_ConstexprUtilities.h,test_header,ConstexprUtilities,Needs cleanup,Has #pragma once. | Declares bool test_*() entrypoint.,Missing ENABLE_TEST_APPLICATION conditional guard (style guide mismatch).,8,5,0,0.0,True,False,0,0,False,0,,,,,,,,,,,internal-only,"Wrap test-header contents behind the standard test-build guard (e.g., ENABLE_TEST_APPLICATION) so headers cannot be accidentally included in non-test builds; ensure guard is consistent across all test headers.",P2
tests/test_CoroutineTask.h,test_header,CoroutineTask,Needs cleanup,Has #pragma once. | Declares bool test_*() entrypoint.,Missing ENABLE_TEST_APPLICATION conditional guard (style guide mismatch).,8,5,0,0.0,True,False,0,0,False,0,,,,,,,,,,,internal-only,"Wrap test-header contents behind the standard test-build guard (e.g., ENABLE_TEST_APPLICATION) so headers cannot be accidentally included in non-test builds; ensure guard is consistent across all test headers.",P2
tests/test_DiagnosticLogger_ScopeGuard.h,test_header,DiagnosticLogger_ScopeGuard,Needs cleanup,Has #pragma once. | Declares bool test_*() entrypoint.,Missing ENABLE_TEST_APPLICATION conditional guard (style guide mismatch).,23,5,15,0.75,True,False,0,0,False,0,,,,,,,,,,,internal-only,"Wrap test-header contents behind the standard test-build guard (e.g., ENABLE_TEST_APPLICATION) so headers cannot be accidentally included in non-test builds; ensure guard is consistent across all test headers.",P2
tests/test_Enforce.h,test_header,Enforce,Needs cleanup,Has #pragma once. | Declares bool test_*() entrypoint.,Missing ENABLE_TEST_APPLICATION conditional guard (style guide mismatch).,13,5,4,0.444,True,False,0,0,False,0,,,,,,,,,,,internal-only,"Wrap test-header contents behind the standard test-build guard (e.g., ENABLE_TEST_APPLICATION) so headers cannot be accidentally included in non-test builds; ensure guard is consistent across all test headers.",P2
tests/test_EnforcedInit.h,test_header,EnforcedInit,Needs cleanup,Has #pragma once. | Declares bool test_*() entrypoint.,"Does not use TEST_CASE macros (older style / inconsistent). | No main() (relies on external runner). | Verified passing runtime in tests.txt (Windows/MSVC, C++17) on 2025-12-28; matrix compile-gate note was stale. Re-run C++17/C++20 compile check.",8,5,0,0.0,True,False,0,0,False,0,,,,,,,,,,,internal-only,Modernize this test to use TEST_CASE macros and/or align with the common RUN_TEST/TestRunner harness. Avoid printing confusing PASS/FAIL-like lines unless part of a deliberate self-test. Re-run C++17/C++20 compile gates on the current codebase; prior 'broken' status was stale.,P1
tests/test_EnhancedBoundsChecking.h,test_header,EnhancedBoundsChecking,Needs cleanup,Has #pragma once. | Declares bool test_*() entrypoint.,Missing ENABLE_TEST_APPLICATION conditional guard (style guide mismatch).,8,5,0,0.0,True,False,0,0,False,0,,,,,,,,,,,internal-only,"Wrap test-header contents behind the standard test-build guard (e.g., ENABLE_TEST_APPLICATION) so headers cannot be accidentally included in non-test builds; ensure guard is consistent across all test headers.",P2
tests/test_Factory.h,test_header,Factory,Needs cleanup,Has #pragma once. | Declares bool test_*() entrypoint.,Missing ENABLE_TEST_APPLICATION conditional guard (style guide mismatch).,8,5,0,0.0,True,False,0,0,False,0,,,,,,,,,,,internal-only,"Wrap test-header contents behind the standard test-build guard (e.g., ENABLE_TEST_APPLICATION) so headers cannot be accidentally included in non-test builds; ensure guard is consistent across all test headers.",P2
tests/test_IdGenerator.h,test_header,IdGenerator,Needs cleanup,Has #pragma once. | Declares bool test_*() entrypoint.,Missing ENABLE_TEST_APPLICATION conditional guard (style guide mismatch).,7,4,0,0.0,True,False,0,0,False,0,,,,,,,,,,,internal-only,"Wrap test-header contents behind the standard test-build guard (e.g., ENABLE_TEST_APPLICATION) so headers cannot be accidentally included in non-test builds; ensure guard is consistent across all test headers.",P2
tests/test_IntrusiveList.h,test_header,IntrusiveList,Needs cleanup,Has #pragma once. | Declares bool test_*() entrypoint.,Missing ENABLE_TEST_APPLICATION conditional guard (style guide mismatch).,8,5,0,0.0,True,False,0,0,False,0,,,,,,,,,,,internal-only,"Wrap test-header contents behind the standard test-build guard (e.g., ENABLE_TEST_APPLICATION) so headers cannot be accidentally included in non-test builds; ensure guard is consistent across all test headers.",P2
tests/test_LockFreeQueue.h,test_header,LockFreeQueue,Needs cleanup,Has #pragma once. | Declares bool test_*() entrypoint.,Missing ENABLE_TEST_APPLICATION conditional guard (style guide mismatch).,8,5,0,0.0,True,False,0,0,False,0,,,,,,,,,,,internal-only,"Wrap test-header contents behind the standard test-build guard (e.g., ENABLE_TEST_APPLICATION) so headers cannot be accidentally included in non-test builds; ensure guard is consistent across all test headers.",P2
tests/test_LockFreeRingBuffer.h,test_header,LockFreeRingBuffer,Needs cleanup,Has #pragma once. | Declares bool test_*() entrypoint.,Missing ENABLE_TEST_APPLICATION conditional guard (style guide mismatch).,8,5,0,0.0,True,False,0,0,False,0,,,,,,,,,,,internal-only,"Wrap test-header contents behind the standard test-build guard (e.g., ENABLE_TEST_APPLICATION) so headers cannot be accidentally included in non-test builds; ensure guard is consistent across all test headers.",P2
tests/test_MemoryMappedFile.h,test_header,MemoryMappedFile,Needs cleanup,Has #pragma once. | Declares bool test_*() entrypoint.,Missing ENABLE_TEST_APPLICATION conditional guard (style guide mismatch).,8,5,0,0.0,True,False,0,0,False,0,,,,,,,,,,,internal-only,"Wrap test-header contents behind the standard test-build guard (e.g., ENABLE_TEST_APPLICATION) so headers cannot be accidentally included in non-test builds; ensure guard is consistent across all test headers.",P2
tests/test_NumaAllocator.h,test_header,NumaAllocator,Needs cleanup,Has #pragma once. | Declares bool test_*() entrypoint.,Missing ENABLE_TEST_APPLICATION conditional guard (style guide mismatch).,8,5,0,0.0,True,False,0,0,False,0,,,,,,,,,,,internal-only,"Wrap test-header contents behind the standard test-build guard (e.g., ENABLE_TEST_APPLICATION) so headers cannot be accidentally included in non-test builds; ensure guard is consistent across all test headers.",P2
tests/test_ObjectPool.h,test_header,ObjectPool,Needs cleanup,Has #pragma once. | Declares bool test_*() entrypoint.,Missing ENABLE_TEST_APPLICATION conditional guard (style guide mismatch).,8,5,0,0.0,True,False,0,0,False,0,,,,,,,,,,,internal-only,"Wrap test-header contents behind the standard test-build guard (e.g., ENABLE_TEST_APPLICATION) so headers cannot be accidentally included in non-test builds; ensure guard is consistent across all test headers.",P2
tests/test_PipeOperator.h,test_header,PipeOperator,Needs cleanup,Has #pragma once. | Declares bool test_*() entrypoint.,Missing ENABLE_TEST_APPLICATION conditional guard (style guide mismatch).,8,5,0,0.0,True,False,0,0,False,0,,,,,,,,,,,internal-only,"Wrap test-header contents behind the standard test-build guard (e.g., ENABLE_TEST_APPLICATION) so headers cannot be accidentally included in non-test builds; ensure guard is consistent across all test headers.",P2
tests/test_RCU_integration.h,test_header,RCU_integration,Needs cleanup,Has #pragma once. | Declares bool test_*() entrypoint.,Missing ENABLE_TEST_APPLICATION conditional guard (style guide mismatch).,8,5,0,0.0,True,False,0,0,False,0,,,,,,,,,,,internal-only,"Wrap test-header contents behind the standard test-build guard (e.g., ENABLE_TEST_APPLICATION) so headers cannot be accidentally included in non-test builds; ensure guard is consistent across all test headers.",P2
tests/test_RateLimiter.h,test_header,RateLimiter,Needs cleanup,Has #pragma once. | Declares bool test_*() entrypoint.,Missing ENABLE_TEST_APPLICATION conditional guard (style guide mismatch).,8,5,0,0.0,True,False,0,0,False,0,,,,,,,,,,,internal-only,"Wrap test-header contents behind the standard test-build guard (e.g., ENABLE_TEST_APPLICATION) so headers cannot be accidentally included in non-test builds; ensure guard is consistent across all test headers.",P2
tests/test_Reflection.h,test_header,Reflection,Needs cleanup,Has #pragma once. | Declares bool test_*() entrypoint.,Missing ENABLE_TEST_APPLICATION conditional guard (style guide mismatch).,8,5,0,0.0,True,False,0,0,False,0,,,,,,,,,,,internal-only,"Wrap test-header contents behind the standard test-build guard (e.g., ENABLE_TEST_APPLICATION) so headers cannot be accidentally included in non-test builds; ensure guard is consistent across all test headers.",P2
tests/test_ScopeGuard.h,test_header,ScopeGuard,Needs cleanup,Has #pragma once. | Declares bool test_*() entrypoint.,Missing ENABLE_TEST_APPLICATION conditional guard (style guide mismatch).,23,5,15,0.75,True,False,0,0,False,0,,,,,,,,,,,internal-only,"Wrap test-header contents behind the standard test-build guard (e.g., ENABLE_TEST_APPLICATION) so headers cannot be accidentally included in non-test builds; ensure guard is consistent across all test headers.",P2
tests/test_ScopeGuardExpected.h,test_header,ScopeGuardExpected,Needs cleanup,Has #pragma once. | Declares bool test_*() entrypoint.,Missing ENABLE_TEST_APPLICATION conditional guard (style guide mismatch).,19,5,11,0.688,True,False,0,0,False,0,,,,,,,,,,,internal-only,"Wrap test-header contents behind the standard test-build guard (e.g., ENABLE_TEST_APPLICATION) so headers cannot be accidentally included in non-test builds; ensure guard is consistent across all test headers.",P2
tests/test_SparseSet.h,test_header,SparseSet,Needs cleanup,Has #pragma once. | Declares bool test_*() entrypoint.,Missing ENABLE_TEST_APPLICATION conditional guard (style guide mismatch).,8,5,0,0.0,True,False,0,0,False,0,,,,,,,,,,,internal-only,"Wrap test-header contents behind the standard test-build guard (e.g., ENABLE_TEST_APPLICATION) so headers cannot be accidentally included in non-test builds; ensure guard is consistent across all test headers.",P2
tests/test_Stacktrace.h,test_header,Stacktrace,Needs cleanup,Has #pragma once. | Declares bool test_*() entrypoint.,Missing ENABLE_TEST_APPLICATION conditional guard (style guide mismatch).,8,5,0,0.0,True,False,0,0,False,0,,,,,,,,,,,internal-only,"Wrap test-header contents behind the standard test-build guard (e.g., ENABLE_TEST_APPLICATION) so headers cannot be accidentally included in non-test builds; ensure guard is consistent across all test headers.",P2
tests/test_StateMachine.h,test_header,StateMachine,Needs cleanup,Has #pragma once. | Declares bool test_*() entrypoint.,Missing ENABLE_TEST_APPLICATION conditional guard (style guide mismatch).,9,5,1,0.167,True,False,0,0,False,0,,,,,,,,,,,internal-only,"Wrap test-header contents behind the standard test-build guard (e.g., ENABLE_TEST_APPLICATION) so headers cannot be accidentally included in non-test builds; ensure guard is consistent across all test headers.",P2
tests/test_Tensor.h,test_header,Tensor,Needs cleanup,Has #pragma once. | Declares bool test_*() entrypoint.,Missing ENABLE_TEST_APPLICATION conditional guard (style guide mismatch).,8,5,0,0.0,True,False,0,0,False,0,,,,,,,,,,,internal-only,"Wrap test-header contents behind the standard test-build guard (e.g., ENABLE_TEST_APPLICATION) so headers cannot be accidentally included in non-test builds; ensure guard is consistent across all test headers.",P2
tests/test_TensorEinsum.h,test_header,TensorEinsum,Needs cleanup,Has #pragma once. | Declares bool test_*() entrypoint.,Missing ENABLE_TEST_APPLICATION conditional guard (style guide mismatch).,8,5,0,0.0,True,False,0,0,False,0,,,,,,,,,,,internal-only,"Wrap test-header contents behind the standard test-build guard (e.g., ENABLE_TEST_APPLICATION) so headers cannot be accidentally included in non-test builds; ensure guard is consistent across all test headers.",P2
tests/test_TensorMath.h,test_header,TensorMath,Needs cleanup,Has #pragma once. | Declares bool test_*() entrypoint.,Missing ENABLE_TEST_APPLICATION conditional guard (style guide mismatch).,8,5,0,0.0,True,False,0,0,False,0,,,,,,,,,,,internal-only,"Wrap test-header contents behind the standard test-build guard (e.g., ENABLE_TEST_APPLICATION) so headers cannot be accidentally included in non-test builds; ensure guard is consistent across all test headers.",P2
tests/test_TensorStorage.h,test_header,TensorStorage,Needs cleanup,Has #pragma once. | Declares bool test_*() entrypoint.,Missing ENABLE_TEST_APPLICATION conditional guard (style guide mismatch).,9,6,0,0.0,True,False,0,0,False,0,,,,,,,,,,,internal-only,"Wrap test-header contents behind the standard test-build guard (e.g., ENABLE_TEST_APPLICATION) so headers cannot be accidentally included in non-test builds; ensure guard is consistent across all test headers.",P2
fat_p/ConstexprUtilities.h,library_header,ConstexprUtilities,Needs cleanup,Has #pragma once. | No non-FATP_ macros exported. | Docs exist (name match count=2). | Has a dedicated test_*.cpp.,C++20 path fails constexpr hashing in test_ConstexprUtilities.cpp.,1060,622,338,0.352,True,False,0,2,False,0,2.0,1.0,2.0,0.0,,,,,,,API risk,Avoid making constexpr_hash consteval when the API is expected to work at runtime; either keep it constexpr in C++20 or provide separate consteval-only overloads. Update tests to use static_assert for compile-time cases.,P3
fat_p/CoroutineTask.h,library_header,CoroutineTask,Prototype/Experimental,Has #pragma once. | No non-FATP_ macros exported. | Has a dedicated test_*.cpp.,"No doc file name matches this component (docs may exist elsewhere). | C++20 coroutine task tests fail (Expected<T,E> T==E when T=std::string; also Task alias conflicts with ThreadPool::Task).",420,240,102,0.298,True,False,0,0,False,0,0.0,1.0,2.0,0.0,,,,,,,API risk,"Resolve name collision with ThreadPool::Task by renaming the top-level alias (e.g., CoTask / CoroutineTaskT) or placing coroutine aliases into a sub-namespace. Also avoid Expected<T,E> with T==E (std::string) by using a distinct error type (e.g., Error{std::string msg} or Status+message). Add/enable C++20-only tests and ensure include-all compiles under C++20.",P3
fat_p/StringPool.h,library_header,StringPool,Needs cleanup,Has #pragma once. | No non-FATP_ macros exported. | Docs exist (name match count=2). | Has a dedicated test_*.cpp.,"C++20 generic unordered lookup path fails: StringEqual missing (string,string) overload; breaks FatPJson/StringPool tests.",585,301,214,0.416,True,False,0,3,False,0,2.0,1.0,2.0,0.0,,,,,,,API risk,"Fix transparent lookup path: provide key_equal overloads for (std::string,std::string) in addition to string_view combinations; ensure unordered_set/unordered_map requirements are satisfied. Add C++20 build/test coverage for the transparent lookup configuration.",P3
fat_p/ThreadPool.h,library_header,ThreadPool,Needs cleanup,Has #pragma once. | No non-FATP_ macros exported. | Docs exist (name match count=2). | Has a dedicated test_*.cpp.,C++20 include-all test fails due to name collision with CoroutineTask's `Task` alias.,739,397,257,0.393,True,False,0,0,False,0,2.0,1.0,2.0,0.0,,,,,,,API risk,"Cleanup to match library hygiene guidelines: self-contained includes, no global side effects, stable API surface.",P3
